-- MySQL dump 10.13  Distrib 5.5.37, for Linux (x86_64)
--
-- Host: localhost    Database: nvrenbang
-- ------------------------------------------------------
-- Server version	5.5.37-log

/*!40101 SET @OLD_CHARACTER_SET_CLIENT=@@CHARACTER_SET_CLIENT */;
/*!40101 SET @OLD_CHARACTER_SET_RESULTS=@@CHARACTER_SET_RESULTS */;
/*!40101 SET @OLD_COLLATION_CONNECTION=@@COLLATION_CONNECTION */;
/*!40101 SET NAMES utf8mb4 */;
/*!40103 SET @OLD_TIME_ZONE=@@TIME_ZONE */;
/*!40103 SET TIME_ZONE='+00:00' */;
/*!40014 SET @OLD_UNIQUE_CHECKS=@@UNIQUE_CHECKS, UNIQUE_CHECKS=0 */;
/*!40014 SET @OLD_FOREIGN_KEY_CHECKS=@@FOREIGN_KEY_CHECKS, FOREIGN_KEY_CHECKS=0 */;
/*!40101 SET @OLD_SQL_MODE=@@SQL_MODE, SQL_MODE='NO_AUTO_VALUE_ON_ZERO' */;
/*!40111 SET @OLD_SQL_NOTES=@@SQL_NOTES, SQL_NOTES=0 */;

--
-- Table structure for table `employee`
--

DROP TABLE IF EXISTS `employee`;
/*!40101 SET @saved_cs_client     = @@character_set_client */;
/*!40101 SET character_set_client = utf8 */;
CREATE TABLE `employee` (
  `id` bigint(20) unsigned NOT NULL AUTO_INCREMENT,
  `password` varchar(60) DEFAULT NULL,
  `phone` varchar(20) DEFAULT NULL,
  `name` varchar(60) DEFAULT NULL,
  `fullname` varchar(60) DEFAULT NULL,
  `company_id` bigint(20) unsigned DEFAULT NULL,
  `work_qq` varchar(20) NOT NULL,
  `email` varchar(256) DEFAULT NULL,
  `email_pass` varchar(128) DEFAULT NULL,
  `picture` varchar(255) DEFAULT NULL,
  `updated_at` timestamp NULL DEFAULT NULL ON UPDATE CURRENT_TIMESTAMP,
  `created_at` timestamp NOT NULL DEFAULT '0000-00-00 00:00:00',
  `weixinid` varchar(60) DEFAULT NULL,
  PRIMARY KEY (`id`)
) ENGINE=MyISAM AUTO_INCREMENT=100045 DEFAULT CHARSET=utf8;
/*!40101 SET character_set_client = @saved_cs_client */;

--
-- Dumping data for table `employee`
--

LOCK TABLES `employee` WRITE;
/*!40000 ALTER TABLE `employee` DISABLE KEYS */;
INSERT INTO `employee` VALUES (100000,'plain:123qwe','18612439616','yinwm','尹伟铭',184,'',NULL,NULL,'http://ayi800.qiniudn.com/100logo.jpeg','2014-10-30 05:32:42','0000-00-00 00:00:00','wxid_c7zf4hpjug5322'),(100001,'plain:beijinghaosimai','18611976459','jiajinrong','贾进荣',184,'1723811799',NULL,NULL,'http://ayi800.qiniudn.com/manager/teacher_jia.jpg','2014-10-28 09:59:03','0000-00-00 00:00:00','wxid_g8t8na1ryrmi22'),(100002,'plain:beijinghaosimai','13241565105','qutiange','曲天歌',184,'2768122167',NULL,NULL,'http://ayi800.qiniudn.com/manager/teacher_qu.jpg','2014-10-27 03:06:14','0000-00-00 00:00:00','wxid_bgb43fdowrfm22'),(100003,'plain:bb2014','10086','baiguangyou','白光有',184,'',NULL,NULL,'http://ayi800.qiniudn.com/manager/teacher_bai.jpg','2014-11-14 03:29:25','0000-00-00 00:00:00',NULL),(100004,'plain:beijinghaosimai','13552054119','liujian','刘暕',184,'2603677945',NULL,NULL,'http://ayi800.qiniudn.com/manager/teacher_liu.jpg','2014-09-26 02:48:09','0000-00-00 00:00:00',NULL),(100005,'plain:yueyue2000','13264350425','yinyue','殷乐',184,'2714244945',NULL,NULL,'http://ayi800.qiniudn.com/manager/teacher_yin.jpg','2014-10-28 09:55:53','0000-00-00 00:00:00','wxid_05sfdfsvu8lj22'),(100006,'plain:beijinghaosimai','15801629297','zhujing','朱婧',184,'',NULL,NULL,NULL,'2014-09-04 05:40:45','0000-00-00 00:00:00',NULL),(100007,'plain:beijinghaosimai','13911551571','huangjian','黄剑',184,'',NULL,NULL,'http://wx.qlogo.cn/mmopen/PiajxSqBRaELQTy2nQIrek99P8QqrH8uwULgYiaKSm3rrkAzLTYgFAGjYDfEPWefBsv3pSAibpIPy8EchHibFxPfAA/0','2014-10-23 06:53:41','0000-00-00 00:00:00','netupa123'),(100008,'plain:beijinghaosimai','13810929241','zhoushaokai','周少恺',184,'',NULL,NULL,'http://wx.qlogo.cn/mmhead/N7ALpEpib1uzL095ueic3zniaaeo2rZ0RkgJsCFjaOPRX4/0','2014-10-23 06:58:02','0000-00-00 00:00:00','t24267565'),(100009,'plain:yuyu2014','15712946631','yuruiyun','于瑞云',184,'',NULL,NULL,NULL,'2014-09-04 05:40:45','2014-05-08 08:19:20',NULL),(100010,'05f3af7a44eee045c3499be326f0c2f33dab2062','18810163084','zhangyan','张岩',184,'',NULL,NULL,NULL,'2014-09-04 05:40:45','2014-05-10 07:39:16',NULL),(100011,'plain:123456','13501212023','lincui','林翠',184,'',NULL,NULL,NULL,'2014-09-22 05:41:22','2014-05-13 00:00:06',NULL),(100012,'12be11eb34cb1080e7e118d2154adffff6d8e4d2','10086','其他客户老师','其他客户老师',184,'',NULL,NULL,NULL,'2014-09-04 05:40:45','2014-06-04 09:45:52',NULL),(100013,'e6002608e0560cf03167d9f78ee7862106c76b66','18910557701','lidan','李丹',184,'',NULL,NULL,NULL,'2014-09-04 05:40:45','2014-06-12 07:32:27',NULL),(100014,'df4e3b544fadd45485ae0fe8de3c482e63159c82','10086','wangfang','汪芳',184,'',NULL,NULL,NULL,'2014-09-04 05:40:45','2014-06-23 17:38:31',NULL),(100015,'e3547e7efdde96af5a717827be7e7f74e2e90c49','10086','jingxu','靖续',184,'',NULL,NULL,NULL,'2014-09-04 05:40:45','2014-06-24 09:55:13',NULL),(100016,'264afb946e7cc3d97332025f1b955cdf877de5a1','15230662937','yuzhongqing','余忠清',184,'',NULL,NULL,NULL,'2014-09-04 05:40:45','2014-07-02 01:44:27',NULL),(100017,'plain:minmin2014','18611729127','gonghuimin','龚慧敏',184,'',NULL,NULL,NULL,'2014-09-04 05:40:45','2014-07-08 10:13:22',NULL),(100018,'fe858f365d9497ab74d5a687ff3e33791909b6fa','13124756607','zhouyuqin','周玉芹',184,'',NULL,NULL,NULL,'2014-09-04 05:40:45','2014-07-11 07:38:32',NULL),(100019,'e7fd0816cc8291775d2d626323aff68e50e00c01','18510200232','yuejingfeng','岳景凤',184,'',NULL,NULL,NULL,'2014-09-04 05:40:45','2014-07-11 07:38:58',NULL),(100020,'8b3ba54dc19b1d297de9cbbaa9f20707a5ae363d','13141445749','liyinghua','李英华',184,'',NULL,NULL,NULL,'2014-09-04 05:40:45','2014-07-14 10:48:05',NULL),(100021,'734b173458904307e1dbd5b7a18cfead87859dbc','8613810929241','ayi800','实习生',184,'',NULL,NULL,NULL,'2014-10-24 09:07:22','2014-07-24 04:52:43',NULL),(100022,'2dc8bf64c6da8009bac7cc4193e3fbe39d0cdede','13264294269','zangyan','臧妍',184,'1272515739',NULL,NULL,'http://ayi800.qiniudn.com/manager/teacher_zy.jpg','2014-09-26 02:48:09','2014-07-24 06:29:11',NULL),(100023,'','8613141440460','hanyadong','韩亚东',184,'',NULL,NULL,NULL,'2014-10-24 09:07:14','2014-07-24 06:31:55',NULL),(100024,'9b12f9de78c1dc850240e3f02469646c6260d312','15898163013','xinzhanguo','辛占国',184,'',NULL,NULL,NULL,'2014-09-04 05:40:45','2014-07-25 08:42:02',NULL),(100025,'ae98626c7c509a4c04cd1fe0afb611280391dacd','18612336862','zhaolin','赵琳',184,'',NULL,NULL,NULL,'2014-09-04 05:40:45','2014-07-30 08:03:19',NULL),(100027,'a3c3ec3402caf438bd63647cfde5309205d2b2bc','18310636275','chensuna','陈素娜',184,'',NULL,NULL,NULL,'2014-09-04 05:40:45','2014-08-06 02:50:26',NULL),(100028,'cd2779e84d337f76b5eac826e07469e51febceaf','13141440460','wuyuanyuan','武媛媛',184,'1831336075',NULL,NULL,'http://ayi800.qiniudn.com/manager/teacher_wyy.jpg','2014-10-24 10:41:20','2014-08-18 05:25:12','wxid_x1kh5ecb85th12'),(100029,'','10086','xujing','许静',184,'',NULL,NULL,NULL,'2014-09-04 05:40:45','2014-08-18 10:22:34',NULL),(100030,'51aa60dfc12725ad4ff682f14683e28b06a6e1c0','13821682110','lixiuping','李秀平',100045,'',NULL,NULL,NULL,'2014-09-04 06:32:21','2014-08-22 01:37:32',NULL),(100031,'95293c2581bc2f9e2aee7aad205821097eab50bf','13702187817','sunjinmei','孙金梅',184,'',NULL,NULL,NULL,'2014-09-22 05:43:34','2014-08-25 02:41:57',NULL),(100032,'d1efab41c8963cffa1dfe140a74ac5d0a8dae949','13161834162','wangyuee','王月娥',184,'1831336075',NULL,NULL,'http://ayi800.qiniudn.com/manager/teacher_wye.jpg','2014-10-24 09:09:04','2014-09-01 07:49:57','wxid_wsd6zwpob0qz22'),(100033,'plain:12345678','10086','ziliaoyuan','张文静',184,'',NULL,NULL,NULL,'2014-10-08 08:10:43','2014-09-24 08:14:05',NULL),(100034,'fdf9c2bfbeed038716d69992c281290edbd369f8','10086','weijinhui','魏金慧',184,'',NULL,NULL,NULL,'2014-10-08 08:24:06','2014-10-08 08:24:06',NULL),(100035,'33a27ad63546081353953e7858c69ba69c8729d2','15101029079','yuying','于瀛',184,'',NULL,NULL,NULL,'2014-10-21 02:42:23','2014-10-21 02:42:23',NULL),(100037,'57f68074b0ca7e428d48db4abf0b881a9b65790f','13821407055','wangdongdong','王东东',100045,'',NULL,NULL,NULL,'2014-11-02 05:51:45','2014-11-02 05:51:45',NULL),(100036,NULL,'13810566016','linghubj','芭蕉',184,'',NULL,NULL,'http://wx.qlogo.cn/mmopen/WKXsgHBpoXf3efXmJqF2PBkU8PVcGibu7ynkpq5WAEOYusv5icNf6B3oS3tkhtbIgJicEib0brbIOZvMoRdvKhpDQw/0','2014-10-23 07:12:58','0000-00-00 00:00:00','linghubj'),(100038,'f4df31e13b0a7f2d009d833074a924135f375ac8','18811467697','luhuijuan','鹿慧娟',184,'',NULL,NULL,NULL,'2014-11-05 09:50:14','2014-11-05 09:50:14',NULL),(100039,'1cb74663050393959735d5e94496ed4aa50aed4d','123456789','tianjintest','tianjintest',100045,'',NULL,NULL,NULL,'2014-11-11 02:00:27','2014-11-11 02:00:27',NULL),(100040,'8b6669f1f5b5813493940854ecf79cf61c749824','15110004296','wangjunwei','王军伟',184,'',NULL,NULL,NULL,'2014-11-11 03:18:25','2014-11-11 03:18:25',NULL),(100041,'d4b692050aa1696fafa41456f65b45aa4de005b3','13141445749','wangyurong','王玉荣',184,'',NULL,NULL,NULL,'2014-11-12 02:34:46','2014-11-12 02:34:46',NULL),(100042,'0e62b0c27df58d858e65f6267d3bd8e8d88c8073','18801390289','wulei','吴磊',184,'',NULL,NULL,'http://ayi800.qiniudn.com/manager/teacher_wulei.jpg','2014-11-14 07:45:58','2014-11-13 04:02:06','wuyuehui0888'),(100043,'c748433e5eac9a37b20fb94b1e7de4cdbe28b284','18086322979','shengwenjun','盛文君',184,'',NULL,NULL,NULL,'2014-11-17 08:48:49','2014-11-17 08:48:49',NULL),(100044,'e461f7435a6e25538d0a0140f599cf827e07aa63','13214124124','rmingwang','qqq',NULL,'',NULL,NULL,NULL,'2014-12-03 18:32:33','2014-12-03 18:32:33',NULL);
/*!40000 ALTER TABLE `employee` ENABLE KEYS */;
UNLOCK TABLES;

--
-- Table structure for table `employee_role`
--

DROP TABLE IF EXISTS `employee_role`;
/*!40101 SET @saved_cs_client     = @@character_set_client */;
/*!40101 SET character_set_client = utf8 */;
CREATE TABLE `employee_role` (
  `id` bigint(20) unsigned NOT NULL AUTO_INCREMENT,
  `employee_id` bigint(20) DEFAULT NULL,
  `role_id` bigint(20) DEFAULT NULL,
  PRIMARY KEY (`id`),
  UNIQUE KEY `employee_id` (`employee_id`,`role_id`)
) ENGINE=MyISAM AUTO_INCREMENT=114 DEFAULT CHARSET=utf8;
/*!40101 SET character_set_client = @saved_cs_client */;

--
-- Dumping data for table `employee_role`
--

LOCK TABLES `employee_role` WRITE;
/*!40000 ALTER TABLE `employee_role` DISABLE KEYS */;
INSERT INTO `employee_role` VALUES (92,100000,5007),(7,100002,1000),(18,100007,2000),(80,100001,1000),(10,100005,1000),(113,100015,2000),(50,100008,5003),(49,100016,5002),(73,100000,5006),(100,100040,3000),(23,100019,4000),(48,100027,5002),(103,100043,5007),(40,100032,1000),(112,100000,5000),(47,100025,5002),(46,100010,5002),(33,100028,1000),(34,100028,4000),(36,100030,4000),(83,100035,5007),(38,100032,4000),(41,100027,3000),(43,100009,2000),(53,100000,5004),(54,100008,5004),(56,100011,5004),(57,100008,5002),(71,100000,5005),(93,100039,5007),(62,100025,5006),(86,100000,2000),(67,100033,5007),(68,100027,5006),(74,100008,5006),(105,100016,5008),(106,100027,5008),(77,100034,5007),(78,100017,5005),(94,100040,5007),(95,100041,4000),(96,100042,1000),(102,100043,3000),(101,100035,3000),(104,100043,4000),(107,100025,5008),(110,100039,3000),(111,100039,4000);
/*!40000 ALTER TABLE `employee_role` ENABLE KEYS */;
UNLOCK TABLES;

--
-- Table structure for table `member`
--

DROP TABLE IF EXISTS `member`;
/*!40101 SET @saved_cs_client     = @@character_set_client */;
/*!40101 SET character_set_client = utf8 */;
CREATE TABLE `member` (
  `id` bigint(20) unsigned NOT NULL AUTO_INCREMENT,
  `username` varchar(256) CHARACTER SET utf8 DEFAULT NULL,
  `password` varchar(60) CHARACTER SET utf8 DEFAULT NULL,
  `nickname` varchar(256) CHARACTER SET utf8mb4 DEFAULT NULL,
  `description` varchar(512) CHARACTER SET utf8mb4 DEFAULT NULL,
  `gender` int(11) DEFAULT NULL,
  `birthday` bigint(20) DEFAULT NULL,
  `phone` varchar(20) CHARACTER SET utf8 DEFAULT NULL,
  `avatar` varchar(512) CHARACTER SET utf8 DEFAULT NULL,
  `background` varchar(512) CHARACTER SET utf8 DEFAULT NULL,
  `lat` double DEFAULT NULL,
  `lon` double DEFAULT NULL,
  `address` varchar(512) CHARACTER SET utf8 DEFAULT NULL,
  `from_where` int(11) DEFAULT NULL,
  `third_nick` varchar(256) CHARACTER SET utf8 DEFAULT NULL,
  `token` char(40) CHARACTER SET utf8 DEFAULT NULL,
  `token_at` bigint(20) DEFAULT NULL,
  `created_at` bigint(20) DEFAULT NULL,
  PRIMARY KEY (`id`)
) ENGINE=MyISAM AUTO_INCREMENT=27 DEFAULT CHARSET=utf8mb4 COLLATE=utf8mb4_unicode_ci;
/*!40101 SET character_set_client = @saved_cs_client */;

--
-- Dumping data for table `member`
--

LOCK TABLES `member` WRITE;
/*!40000 ALTER TABLE `member` DISABLE KEYS */;
INSERT INTO `member` VALUES (1,'15652291111','ae838799e4f8bd08984bd5c06b06c0eae03eb0bb',NULL,NULL,NULL,NULL,NULL,NULL,NULL,NULL,NULL,NULL,NULL,NULL,'E1B767504C75620A5F2F4C64500DB63D57FD8673',1418482462,1418482462),(2,'15652291112','4a546d666d8271ce97460157430a5eb3b8b515dc',NULL,NULL,NULL,NULL,NULL,NULL,NULL,NULL,NULL,NULL,NULL,NULL,'BE12C5A5BBEC515653276901F9044CD9CE14D59C',1418482550,1418482550),(3,'15652291114','3b0a87f168ddec2f95617a787881f66f4638c5b5',NULL,NULL,NULL,NULL,NULL,NULL,NULL,NULL,NULL,NULL,NULL,NULL,'4346D69DFAE05E1A22A37FD1D237C25DB231FF1D',1418486213,1418486213),(4,'15652291050','a97ca3aa9fef976c0dc9131e12119e1724db6f94',NULL,NULL,NULL,NULL,NULL,NULL,NULL,NULL,NULL,NULL,NULL,NULL,'87565E3313EFB32AAD268CAA826DB9607FE04034',1418541445,1418541445),(5,'15633225588','ea04ec559de189e601a18f804c2d898b6413ac3d',NULL,NULL,NULL,NULL,NULL,NULL,NULL,NULL,NULL,NULL,NULL,NULL,'C11EE63A848A264935F3FD20C64AB58E6D88D8AE',1419519724,1419519724),(6,'18855223366','4c0028c70d0109f07ba8432b4e01f7250dd7e2dc',NULL,NULL,NULL,NULL,NULL,NULL,NULL,NULL,NULL,NULL,NULL,NULL,'359722C807A36CA558570B84466112CBB2A1BDED',1419562574,1419562574),(7,'15100000000','9ebb61e415c36931148fc6932b4c4da85dbcf1cc',NULL,NULL,NULL,NULL,NULL,NULL,NULL,NULL,NULL,NULL,NULL,NULL,'BEBEA2D7605FE2C26A9730180EF9EDD45264660E',1419576426,1419576426),(8,'15266669999','9366c1595325ab26cc75b313b91abfd0ea7937ae',NULL,NULL,NULL,NULL,NULL,NULL,NULL,NULL,NULL,NULL,NULL,NULL,'F3037186880235DF121B53D45357C0B9B00E4A14',1419589885,1419589885),(9,'15366552211','005699c2c0ffd2c6d26150463cb77c9fe1aee89e',NULL,NULL,NULL,NULL,NULL,NULL,NULL,NULL,NULL,NULL,NULL,NULL,'C619CE1648350A40207CC9CA4311681F5CFA887C',1419589988,1419589988),(10,'15111111111','c417f63ef583b5e61934f5ccd156438e52e9d925','Aaaaaaaaa',NULL,NULL,465050937,NULL,NULL,NULL,NULL,NULL,NULL,NULL,NULL,'8A311318871815A1A00E3B72FE09C30912B4454B',1419598123,1419598123),(11,'15122222222','52af6d085044ba7a66499f7aed651d3ecaf67412',NULL,NULL,NULL,NULL,NULL,NULL,NULL,NULL,NULL,NULL,NULL,NULL,'A9C04A7710871CADB384DD0997878F5B540FBD55',1419598674,1419598674),(12,'15133333333','32c53d5b9d7720c4d25a21d0b86659a118fa6fdc','Rrrrrrrrr',NULL,NULL,1351261665,NULL,'http://petalk.qiniudn.com/img/avatar/20141226/C9960617DE8C488D9ECA558ECE011899.jpg',NULL,NULL,NULL,NULL,NULL,NULL,'91AC89DAEEA12C43928FDD34B24CDBD3FABAC5E5',1419604059,1419604059),(13,'15144444444','890f02a53627d99fa16fd21885358356457195a4','Uuiuuuuuuuu',NULL,NULL,1287930751,NULL,'http://testpetalk.qiniudn.com/img/avatar/20141226/D92780D6088F4AF1AB453EB4351E8545.jpg',NULL,NULL,NULL,NULL,NULL,NULL,'998F58BCB92242D967255AD6629C3C69B12FE476',1419604339,1419604339),(14,'15155555555','7f77d5c20302988813aad6e8675a324fae0b3966',NULL,NULL,NULL,NULL,NULL,NULL,NULL,NULL,NULL,NULL,NULL,NULL,'2C103F8CC32C03953A206F0511337922125F1FA1',1419640139,1419640139),(15,'15166666666','781182e169f0400f3f30613284aafaec960e16bb','shhs',NULL,NULL,1419640359,NULL,'http://testpetalk.qiniudn.com/img/avatar/20141227/56837B25ECFA4D51BFD8B04703E2065B.jpg',NULL,NULL,NULL,NULL,NULL,NULL,'5E45B0F439CAE2F366CC76A2557D44F5C1B46732',1419640344,1419640344),(16,'15177777777','fd497ce890a0d01f29bdbbe6048942c686c6522a','nx',NULL,NULL,1356568419,NULL,'http://testpetalk.qiniudn.com/img/avatar/20141227/8F46B75A722249BD83135049922EFF38.jpg',NULL,NULL,NULL,NULL,NULL,NULL,'4C1516BF7FD9A1BCEE4B4189DBBD1741F87F6D5F',1419640404,1419640404),(17,'15188888888','b81cd659d8bb361da1631cc93e971f589a152ab2','sjhsj',NULL,NULL,1356568519,NULL,'http://testpetalk.qiniudn.com/img/avatar/20141227/3A8E2F9E661D494F9682E7B419338C5D.jpg',NULL,NULL,NULL,NULL,NULL,NULL,'A93E6947A93F4EEAECBED708328FF0EB4729FBB2',1419640508,1419640508),(18,'15611111111','31100cd98682c91dc862c45608b7d74c46c93527','sggsg发给',NULL,NULL,1167181101,NULL,'http://onemin.qiniudn.com/img/avatar/20141227/3E76C2395A5644DCB29A1DD24602D16F.jpg',NULL,NULL,NULL,NULL,NULL,NULL,'751937FDF2CA35FBBECA5984821233C990083D1A',1419641881,1419641881),(19,'18599663322','79c2aa97b9e645ca19a1cb7b715b09bc6ec19376','Vvvvvvvv',NULL,NULL,1419754576,NULL,'http://onemin.qiniudn.com/img/avatar/20141228/204C9BE1564E4C1582032A11A720F143.jpg',NULL,NULL,NULL,NULL,NULL,NULL,'C8E927B352CAC8389CC0877D12EB7D40DAC78C97',1419754564,1419754564),(20,'15144777744','12b0680c793626a46ef2531320ef0fcea02a723c','阿明😯','😕',NULL,1419827942,NULL,'http://onemin.qiniudn.com/img/avatar/20141229/48897072C2BE46EB98587643F61B3A4E.jpg',NULL,NULL,NULL,NULL,NULL,NULL,'5CC685F9CFD21CDD9F17B84F487FAD0801E7506E',1419827915,1419827915),(21,'15233664455','b4461edc12bdf740ae01d7fba94689877952db58','jxnnx????????????您已',NULL,NULL,1325135428,NULL,'http://onemin.qiniudn.com/img/avatar/20141229/206C403D7D674D7393E1B5EA949645AB.jpg',NULL,NULL,NULL,NULL,NULL,NULL,'E9BA872B6DB2A76DBE89FE94457FF3F93E13FBF2',1419829793,1419829793),(22,'15366554488','e098cc53744b412c19f11c9132b45bcb9b38568d','',NULL,NULL,1072681802,NULL,NULL,NULL,NULL,NULL,NULL,NULL,NULL,'868F849B0AC795C3CF65E7221EF1FB812D4EB7C8',1419836984,1419836984),(23,'15122339900','adf44e04ea2a2702e9e2d6169ad06fd24fdba6fd','hh😊😙vsb',NULL,NULL,1293611684,NULL,NULL,NULL,NULL,NULL,NULL,NULL,NULL,'EF494CAD5DE619FA6E917E6BF5F71A227EED9330',1419842072,1419842072),(24,'15166778800','30905f8547719d313ffe77015d290ca6c8b2e389','bbx😜gh',NULL,NULL,1419842221,NULL,NULL,NULL,NULL,NULL,NULL,NULL,NULL,'87F6B13FBA87C4B09D7BB92131F17E7236611A06',1419842214,1419842214),(25,'15366998844','100e3451dc81c41c0160c695be14ecedd69e8227','hsh😊😊今年',NULL,NULL,1325147907,NULL,NULL,NULL,NULL,NULL,NULL,NULL,NULL,'3DE1C40502C51A99F2647AD0D0863CB9212C3384',1419842295,1419842295),(26,'15652291446','d61a917c2ba79ed10432186955bb06f4c8473fdf','jdjddf',NULL,NULL,1325757265,NULL,'http://onemin.qiniudn.com/img/avatar/20150105/3EB1D722D51E4654AAA5ACF89EAFA356.jpg',NULL,NULL,NULL,NULL,NULL,NULL,'45881AE9481A245D8CABB219209C475120950DF7',1420451654,1420451654);
/*!40000 ALTER TABLE `member` ENABLE KEYS */;
UNLOCK TABLES;

--
-- Table structure for table `menu`
--

DROP TABLE IF EXISTS `menu`;
/*!40101 SET @saved_cs_client     = @@character_set_client */;
/*!40101 SET character_set_client = utf8 */;
CREATE TABLE `menu` (
  `id` bigint(20) unsigned NOT NULL AUTO_INCREMENT,
  `name` varchar(60) NOT NULL DEFAULT '',
  `parent_id` bigint(20) NOT NULL DEFAULT '0',
  `resource_id` bigint(20) unsigned DEFAULT NULL,
  `action_id` bigint(20) unsigned DEFAULT NULL,
  `weight` int(11) NOT NULL DEFAULT '0',
  `href` varchar(255) DEFAULT NULL,
  PRIMARY KEY (`id`)
) ENGINE=MyISAM AUTO_INCREMENT=63 DEFAULT CHARSET=utf8;
/*!40101 SET character_set_client = @saved_cs_client */;

--
-- Dumping data for table `menu`
--

LOCK TABLES `menu` WRITE;
/*!40000 ALTER TABLE `menu` DISABLE KEYS */;
INSERT INTO `menu` VALUES (1,'订单管理',0,NULL,NULL,1000,NULL),(2,'群发月嫂单',1,2600,20,0,'/app/new_message'),(3,'我发出的月嫂单',1,2600,10,0,'/app/my_message'),(4,'视频',0,NULL,NULL,999,NULL),(5,'视频列表',4,220,10,0,'/video'),(6,'上传视频',4,220,20,0,'/video/upload'),(7,'系统管理',0,NULL,NULL,100,NULL),(8,'账号管理',7,9999,20,0,'/sys/account'),(11,'合同录入',10,5000,20,800,'/contract/create'),(10,'合同',0,NULL,NULL,800,''),(12,'我',0,NULL,NULL,0,NULL),(13,'首页',12,100,10,0,'/dashboard'),(14,'我的账号',12,100,10,0,'/my/account'),(15,'角色设置',7,9999,20,0,'/sys/role'),(16,'合同列表',10,5000,10,800,'/contract'),(17,'活动',0,NULL,NULL,400,NULL),(18,'活动列表',17,7000,10,800,'/event'),(19,'添加活动',17,7000,20,810,'/event/create'),(22,'客户列表',1,3000,10,0,'/customer/booking/my'),(34,'优惠活动',10,210,10,700,'/contract/coupon_list'),(23,'数据',0,NULL,NULL,300,NULL),(24,'成单数据',23,9100,20,0,'/data/data_contract'),(27,'地图',23,9200,20,0,'/data/data_map'),(28,'文章',0,NULL,NULL,260,''),(29,'文章列表',28,8000,10,0,'/article/question'),(30,'添加文章',28,8000,20,0,'/article/question/create'),(20,'服务员管理',0,NULL,NULL,850,NULL),(21,'添加服务员',20,4000,20,0,'/nanny/create'),(31,'服务员列表',20,4000,10,860,'/nanny'),(32,'新客户录入',1,3000,20,0,'/customer/booking/create'),(33,'未安排的客户',1,3100,10,0,'/customer/booking/unassigned'),(35,'退出',12,100,10,1,'/logout'),(36,'合同列表',1,5000,10,0,'/contract'),(37,'提醒列表',12,100,10,0,'/noti?type=all'),(38,'推荐月嫂',20,4000,20,0,'/nanny/introduce'),(39,'SNS',0,NULL,NULL,800,''),(40,'新浪微博',39,1200,20,0,'/sns/weibo/statuses'),(41,'月嫂存量电话录入',20,4000,20,0,'/nanny/input_phone'),(42,'工具',0,NULL,NULL,200,''),(43,'二维码',42,230,20,0,'/tool/qrcode'),(44,'抢单列表',42,2600,10,0,'/tool/qd'),(45,'客户',23,9000,20,0,'/data/data_customer'),(46,'月嫂汇App',0,NULL,NULL,500,NULL),(47,'首页焦点图',46,2100,20,0,'/sanji/focus_img'),(48,'月嫂汇下载',23,9300,20,0,'/data/data_yuesaohui/activation'),(49,'平台管理',0,NULL,NULL,50,NULL),(50,'公司管理',49,10000,20,40,'/super/company'),(51,'账号管理',49,10000,20,30,'/super/account/company'),(52,'公司信息',7,9999,20,0,'/sys/company'),(53,'角色管理',49,10000,20,20,'/super/role'),(54,'月嫂地图',23,9500,10,0,'/data/data_nanny/map'),(55,'抢单App',23,9400,10,0,'/data/data_nanny/open'),(56,'月嫂日记',28,8100,20,0,'/article/diary'),(57,'综合数据',23,9600,20,0,'/data/data_matrix'),(58,'价格计算器',42,400,10,0,'/tool/calculate/contract'),(59,'成单数据',1,3000,10,1000,'/data/data_contract/monthly'),(60,'创建月嫂在线',28,8000,20,0,'/article/online/create'),(61,'服务员薪水',10,8888,20,900,'/salary'),(62,'我的新浪微博客户',39,1200,20,0,'/sns/weibo/my');
/*!40000 ALTER TABLE `menu` ENABLE KEYS */;
UNLOCK TABLES;

--
-- Table structure for table `request_log`
--

DROP TABLE IF EXISTS `request_log`;
/*!40101 SET @saved_cs_client     = @@character_set_client */;
/*!40101 SET character_set_client = utf8 */;
CREATE TABLE `request_log` (
  `id` bigint(20) NOT NULL AUTO_INCREMENT,
  `request` varchar(1024) DEFAULT NULL,
  `create_at` timestamp NULL DEFAULT CURRENT_TIMESTAMP,
  PRIMARY KEY (`id`)
) ENGINE=MyISAM AUTO_INCREMENT=282 DEFAULT CHARSET=utf8;
/*!40101 SET character_set_client = @saved_cs_client */;

--
-- Dumping data for table `request_log`
--

LOCK TABLES `request_log` WRITE;
/*!40000 ALTER TABLE `request_log` DISABLE KEYS */;
INSERT INTO `request_log` VALUES (1,'{\"command\":\"system\",\"ipAddr\":\"0.0.0.0\",\"sim\":\"10000000000\",\"platform\":\"iOS8.1\",\"imei\":\"FC556D72-930E-474F-8BB5-F53036F6EFE8\",\"version\":\"1.4.0\",\"macAddr\":\"0:0:0:0\",\"model\":\"iPhoneSimulator\",\"imsi\":\"00000000\",\"options\":\"startUp\",\"domain\":\"testpetalk\",\"channel\":\"001\"}','2014-12-14 03:42:35'),(2,'{\"ipAddr\":\"0.0.0.0\",\"version\":\"1.4.0\",\"imei\":\"FC556D72-930E-474F-8BB5-F53036F6EFE8\",\"imsi\":\"00000000\",\"options\":\"version\",\"channel\":\"001\",\"command\":\"system\",\"macAddr\":\"0:0:0:0\",\"platform\":\"iOS8.1\",\"sim\":\"10000000000\",\"model\":\"iPhoneSimulator\"}','2014-12-14 03:42:35'),(3,'{\"ipAddr\":\"0.0.0.0\",\"version\":\"1.4.0\",\"imei\":\"FC556D72-930E-474F-8BB5-F53036F6EFE8\",\"imsi\":\"00000000\",\"options\":\"top\",\"channel\":\"001\",\"command\":\"tag\",\"macAddr\":\"0:0:0:0\",\"platform\":\"iOS8.1\",\"sim\":\"10000000000\",\"model\":\"iPhoneSimulator\"}','2014-12-14 03:42:35'),(4,'{\"command\":\"petalk\",\"ipAddr\":\"0.0.0.0\",\"sim\":\"10000000000\",\"pageSize\":\"10\",\"platform\":\"iOS8.1\",\"imei\":\"FC556D72-930E-474F-8BB5-F53036F6EFE8\",\"version\":\"1.4.0\",\"macAddr\":\"0:0:0:0\",\"model\":\"iPhoneSimulator\",\"petId\":\"\",\"imsi\":\"00000000\",\"options\":\"focusList\",\"channel\":\"001\"}','2014-12-14 03:42:35'),(5,'{\"command\":\"fs\",\"ipAddr\":\"0.0.0.0\",\"sim\":\"10000000000\",\"platform\":\"iOS8.1\",\"imei\":\"FC556D72-930E-474F-8BB5-F53036F6EFE8\",\"version\":\"1.4.0\",\"macAddr\":\"0:0:0:0\",\"model\":\"iPhoneSimulator\",\"imsi\":\"00000000\",\"options\":\"uptoken\",\"domain\":\"testpetalk\",\"channel\":\"001\"}','2014-12-14 03:42:35'),(6,'{\"command\":\"petalk\",\"ipAddr\":\"0.0.0.0\",\"sim\":\"10000000000\",\"pageSize\":\"10\",\"platform\":\"iOS8.1\",\"imei\":\"FC556D72-930E-474F-8BB5-F53036F6EFE8\",\"version\":\"1.4.0\",\"macAddr\":\"0:0:0:0\",\"model\":\"iPhoneSimulator\",\"petId\":\"\",\"imsi\":\"00000000\",\"options\":\"hotList\",\"pageIndex\":\"0\",\"channel\":\"001\"}','2014-12-14 03:42:35'),(7,'{\"command\":\"system\",\"ipAddr\":\"0.0.0.0\",\"sim\":\"10000000000\",\"platform\":\"iOS8.1\",\"imei\":\"FC556D72-930E-474F-8BB5-F53036F6EFE8\",\"version\":\"1.4.0\",\"macAddr\":\"0:0:0:0\",\"model\":\"iPhoneSimulator\",\"imsi\":\"00000000\",\"options\":\"startUp\",\"domain\":\"testpetalk\",\"channel\":\"001\"}','2014-12-14 03:42:53'),(8,'{\"ipAddr\":\"0.0.0.0\",\"version\":\"1.4.0\",\"imei\":\"FC556D72-930E-474F-8BB5-F53036F6EFE8\",\"imsi\":\"00000000\",\"options\":\"version\",\"channel\":\"001\",\"command\":\"system\",\"macAddr\":\"0:0:0:0\",\"platform\":\"iOS8.1\",\"sim\":\"10000000000\",\"model\":\"iPhoneSimulator\"}','2014-12-14 03:42:53'),(9,'{\"ipAddr\":\"0.0.0.0\",\"version\":\"1.4.0\",\"imei\":\"FC556D72-930E-474F-8BB5-F53036F6EFE8\",\"imsi\":\"00000000\",\"options\":\"top\",\"channel\":\"001\",\"command\":\"tag\",\"macAddr\":\"0:0:0:0\",\"platform\":\"iOS8.1\",\"sim\":\"10000000000\",\"model\":\"iPhoneSimulator\"}','2014-12-14 03:42:53'),(10,'{\"command\":\"petalk\",\"ipAddr\":\"0.0.0.0\",\"sim\":\"10000000000\",\"pageSize\":\"10\",\"platform\":\"iOS8.1\",\"imei\":\"FC556D72-930E-474F-8BB5-F53036F6EFE8\",\"version\":\"1.4.0\",\"macAddr\":\"0:0:0:0\",\"model\":\"iPhoneSimulator\",\"petId\":\"\",\"imsi\":\"00000000\",\"options\":\"focusList\",\"channel\":\"001\"}','2014-12-14 03:42:53'),(11,'{\"command\":\"petalk\",\"ipAddr\":\"0.0.0.0\",\"sim\":\"10000000000\",\"pageSize\":\"10\",\"platform\":\"iOS8.1\",\"imei\":\"FC556D72-930E-474F-8BB5-F53036F6EFE8\",\"version\":\"1.4.0\",\"macAddr\":\"0:0:0:0\",\"model\":\"iPhoneSimulator\",\"petId\":\"\",\"imsi\":\"00000000\",\"options\":\"hotList\",\"pageIndex\":\"0\",\"channel\":\"001\"}','2014-12-14 03:42:53'),(12,'{\"command\":\"fs\",\"ipAddr\":\"0.0.0.0\",\"sim\":\"10000000000\",\"platform\":\"iOS8.1\",\"imei\":\"FC556D72-930E-474F-8BB5-F53036F6EFE8\",\"version\":\"1.4.0\",\"macAddr\":\"0:0:0:0\",\"model\":\"iPhoneSimulator\",\"imsi\":\"00000000\",\"options\":\"uptoken\",\"domain\":\"testpetalk\",\"channel\":\"001\"}','2014-12-14 03:42:53'),(13,'{\"ipAddr\":\"0.0.0.0\",\"version\":\"1.4.0\",\"imei\":\"FC556D72-930E-474F-8BB5-F53036F6EFE8\",\"imsi\":\"00000000\",\"options\":\"version\",\"channel\":\"001\",\"command\":\"system\",\"macAddr\":\"0:0:0:0\",\"platform\":\"iOS8.1\",\"sim\":\"10000000000\",\"model\":\"iPhoneSimulator\"}','2014-12-14 03:43:30'),(14,'{\"command\":\"system\",\"ipAddr\":\"0.0.0.0\",\"sim\":\"10000000000\",\"platform\":\"iOS8.1\",\"imei\":\"FC556D72-930E-474F-8BB5-F53036F6EFE8\",\"version\":\"1.4.0\",\"macAddr\":\"0:0:0:0\",\"model\":\"iPhoneSimulator\",\"imsi\":\"00000000\",\"options\":\"startUp\",\"domain\":\"testpetalk\",\"channel\":\"001\"}','2014-12-14 03:43:30'),(15,'{\"ipAddr\":\"0.0.0.0\",\"version\":\"1.4.0\",\"imei\":\"FC556D72-930E-474F-8BB5-F53036F6EFE8\",\"imsi\":\"00000000\",\"options\":\"top\",\"channel\":\"001\",\"command\":\"tag\",\"macAddr\":\"0:0:0:0\",\"platform\":\"iOS8.1\",\"sim\":\"10000000000\",\"model\":\"iPhoneSimulator\"}','2014-12-14 03:43:30'),(16,'{\"command\":\"petalk\",\"ipAddr\":\"0.0.0.0\",\"sim\":\"10000000000\",\"pageSize\":\"10\",\"platform\":\"iOS8.1\",\"imei\":\"FC556D72-930E-474F-8BB5-F53036F6EFE8\",\"version\":\"1.4.0\",\"macAddr\":\"0:0:0:0\",\"model\":\"iPhoneSimulator\",\"petId\":\"\",\"imsi\":\"00000000\",\"options\":\"focusList\",\"channel\":\"001\"}','2014-12-14 03:43:30'),(17,'{\"command\":\"petalk\",\"ipAddr\":\"0.0.0.0\",\"sim\":\"10000000000\",\"pageSize\":\"10\",\"platform\":\"iOS8.1\",\"imei\":\"FC556D72-930E-474F-8BB5-F53036F6EFE8\",\"version\":\"1.4.0\",\"macAddr\":\"0:0:0:0\",\"model\":\"iPhoneSimulator\",\"petId\":\"\",\"imsi\":\"00000000\",\"options\":\"hotList\",\"pageIndex\":\"0\",\"channel\":\"001\"}','2014-12-14 03:43:30'),(18,'{\"command\":\"fs\",\"ipAddr\":\"0.0.0.0\",\"sim\":\"10000000000\",\"platform\":\"iOS8.1\",\"imei\":\"FC556D72-930E-474F-8BB5-F53036F6EFE8\",\"version\":\"1.4.0\",\"macAddr\":\"0:0:0:0\",\"model\":\"iPhoneSimulator\",\"imsi\":\"00000000\",\"options\":\"uptoken\",\"domain\":\"testpetalk\",\"channel\":\"001\"}','2014-12-14 03:43:30'),(19,'{\"command\":\"petalk\",\"ipAddr\":\"0.0.0.0\",\"sim\":\"10000000000\",\"pageSize\":\"10\",\"platform\":\"iOS8.1\",\"imei\":\"FC556D72-930E-474F-8BB5-F53036F6EFE8\",\"version\":\"1.4.0\",\"macAddr\":\"0:0:0:0\",\"model\":\"iPhoneSimulator\",\"petId\":\"\",\"imsi\":\"00000000\",\"options\":\"hotList\",\"pageIndex\":\"0\",\"channel\":\"001\"}','2014-12-14 03:44:49'),(20,'{\"ipAddr\":\"0.0.0.0\",\"version\":\"1.4.0\",\"imei\":\"FC556D72-930E-474F-8BB5-F53036F6EFE8\",\"imsi\":\"00000000\",\"options\":\"top\",\"channel\":\"001\",\"command\":\"tag\",\"macAddr\":\"0:0:0:0\",\"platform\":\"iOS8.1\",\"sim\":\"10000000000\",\"model\":\"iPhoneSimulator\"}','2014-12-14 03:44:49'),(21,'{\"command\":\"petalk\",\"ipAddr\":\"0.0.0.0\",\"sim\":\"10000000000\",\"pageSize\":\"10\",\"platform\":\"iOS8.1\",\"imei\":\"FC556D72-930E-474F-8BB5-F53036F6EFE8\",\"version\":\"1.4.0\",\"macAddr\":\"0:0:0:0\",\"model\":\"iPhoneSimulator\",\"petId\":\"\",\"imsi\":\"00000000\",\"options\":\"focusList\",\"channel\":\"001\"}','2014-12-14 03:44:49'),(22,'{\"command\":\"fs\",\"ipAddr\":\"0.0.0.0\",\"sim\":\"10000000000\",\"platform\":\"iOS8.1\",\"imei\":\"FC556D72-930E-474F-8BB5-F53036F6EFE8\",\"version\":\"1.4.0\",\"macAddr\":\"0:0:0:0\",\"model\":\"iPhoneSimulator\",\"imsi\":\"00000000\",\"options\":\"uptoken\",\"domain\":\"testpetalk\",\"channel\":\"001\"}','2014-12-14 03:44:49'),(23,'{\"ipAddr\":\"0.0.0.0\",\"version\":\"1.4.0\",\"imei\":\"FC556D72-930E-474F-8BB5-F53036F6EFE8\",\"imsi\":\"00000000\",\"options\":\"top\",\"channel\":\"001\",\"command\":\"tag\",\"macAddr\":\"0:0:0:0\",\"platform\":\"iOS8.1\",\"sim\":\"10000000000\",\"model\":\"iPhoneSimulator\"}','2014-12-14 03:46:27'),(24,'{\"command\":\"petalk\",\"ipAddr\":\"0.0.0.0\",\"sim\":\"10000000000\",\"pageSize\":\"10\",\"platform\":\"iOS8.1\",\"imei\":\"FC556D72-930E-474F-8BB5-F53036F6EFE8\",\"version\":\"1.4.0\",\"macAddr\":\"0:0:0:0\",\"model\":\"iPhoneSimulator\",\"petId\":\"\",\"imsi\":\"00000000\",\"options\":\"hotList\",\"pageIndex\":\"0\",\"channel\":\"001\"}','2014-12-14 03:46:27'),(25,'{\"command\":\"petalk\",\"ipAddr\":\"0.0.0.0\",\"sim\":\"10000000000\",\"pageSize\":\"10\",\"platform\":\"iOS8.1\",\"imei\":\"FC556D72-930E-474F-8BB5-F53036F6EFE8\",\"version\":\"1.4.0\",\"macAddr\":\"0:0:0:0\",\"model\":\"iPhoneSimulator\",\"petId\":\"\",\"imsi\":\"00000000\",\"options\":\"focusList\",\"channel\":\"001\"}','2014-12-14 03:46:27'),(26,'{\"command\":\"fs\",\"ipAddr\":\"0.0.0.0\",\"sim\":\"10000000000\",\"platform\":\"iOS8.1\",\"imei\":\"FC556D72-930E-474F-8BB5-F53036F6EFE8\",\"version\":\"1.4.0\",\"macAddr\":\"0:0:0:0\",\"model\":\"iPhoneSimulator\",\"imsi\":\"00000000\",\"options\":\"uptoken\",\"domain\":\"testpetalk\",\"channel\":\"001\"}','2014-12-14 03:46:27'),(27,'{\"ipAddr\":\"0.0.0.0\",\"version\":\"1.4.0\",\"imei\":\"FC556D72-930E-474F-8BB5-F53036F6EFE8\",\"imsi\":\"00000000\",\"options\":\"top\",\"channel\":\"001\",\"command\":\"tag\",\"macAddr\":\"0:0:0:0\",\"platform\":\"iOS8.1\",\"sim\":\"10000000000\",\"model\":\"iPhoneSimulator\"}','2014-12-14 03:47:29'),(28,'{\"command\":\"petalk\",\"ipAddr\":\"0.0.0.0\",\"sim\":\"10000000000\",\"pageSize\":\"10\",\"platform\":\"iOS8.1\",\"imei\":\"FC556D72-930E-474F-8BB5-F53036F6EFE8\",\"version\":\"1.4.0\",\"macAddr\":\"0:0:0:0\",\"model\":\"iPhoneSimulator\",\"petId\":\"\",\"imsi\":\"00000000\",\"options\":\"hotList\",\"pageIndex\":\"0\",\"channel\":\"001\"}','2014-12-14 03:47:29'),(29,'{\"command\":\"petalk\",\"ipAddr\":\"0.0.0.0\",\"sim\":\"10000000000\",\"pageSize\":\"10\",\"platform\":\"iOS8.1\",\"imei\":\"FC556D72-930E-474F-8BB5-F53036F6EFE8\",\"version\":\"1.4.0\",\"macAddr\":\"0:0:0:0\",\"model\":\"iPhoneSimulator\",\"petId\":\"\",\"imsi\":\"00000000\",\"options\":\"focusList\",\"channel\":\"001\"}','2014-12-14 03:47:29'),(30,'{\"command\":\"fs\",\"ipAddr\":\"0.0.0.0\",\"sim\":\"10000000000\",\"platform\":\"iOS8.1\",\"imei\":\"FC556D72-930E-474F-8BB5-F53036F6EFE8\",\"version\":\"1.4.0\",\"macAddr\":\"0:0:0:0\",\"model\":\"iPhoneSimulator\",\"imsi\":\"00000000\",\"options\":\"uptoken\",\"domain\":\"testpetalk\",\"channel\":\"001\"}','2014-12-14 03:47:29'),(31,'{\"ipAddr\":\"0.0.0.0\",\"version\":\"1.4.0\",\"imei\":\"FC556D72-930E-474F-8BB5-F53036F6EFE8\",\"imsi\":\"00000000\",\"options\":\"top\",\"channel\":\"001\",\"command\":\"tag\",\"macAddr\":\"0:0:0:0\",\"platform\":\"iOS8.1\",\"sim\":\"10000000000\",\"model\":\"iPhoneSimulator\"}','2014-12-14 03:49:58'),(32,'{\"command\":\"petalk\",\"ipAddr\":\"0.0.0.0\",\"sim\":\"10000000000\",\"pageSize\":\"10\",\"platform\":\"iOS8.1\",\"imei\":\"FC556D72-930E-474F-8BB5-F53036F6EFE8\",\"version\":\"1.4.0\",\"macAddr\":\"0:0:0:0\",\"model\":\"iPhoneSimulator\",\"petId\":\"\",\"imsi\":\"00000000\",\"options\":\"focusList\",\"channel\":\"001\"}','2014-12-14 03:49:59'),(33,'{\"command\":\"petalk\",\"ipAddr\":\"0.0.0.0\",\"sim\":\"10000000000\",\"pageSize\":\"10\",\"platform\":\"iOS8.1\",\"imei\":\"FC556D72-930E-474F-8BB5-F53036F6EFE8\",\"version\":\"1.4.0\",\"macAddr\":\"0:0:0:0\",\"model\":\"iPhoneSimulator\",\"petId\":\"\",\"imsi\":\"00000000\",\"options\":\"hotList\",\"pageIndex\":\"0\",\"channel\":\"001\"}','2014-12-14 03:49:59'),(34,'{\"command\":\"fs\",\"ipAddr\":\"0.0.0.0\",\"sim\":\"10000000000\",\"platform\":\"iOS8.1\",\"imei\":\"FC556D72-930E-474F-8BB5-F53036F6EFE8\",\"version\":\"1.4.0\",\"macAddr\":\"0:0:0:0\",\"model\":\"iPhoneSimulator\",\"imsi\":\"00000000\",\"options\":\"uptoken\",\"domain\":\"testpetalk\",\"channel\":\"001\"}','2014-12-14 03:49:59'),(35,'{\"ipAddr\":\"0.0.0.0\",\"version\":\"1.4.0\",\"imei\":\"FC556D72-930E-474F-8BB5-F53036F6EFE8\",\"imsi\":\"00000000\",\"options\":\"top\",\"channel\":\"001\",\"command\":\"tag\",\"macAddr\":\"0:0:0:0\",\"platform\":\"iOS8.1\",\"sim\":\"10000000000\",\"model\":\"iPhoneSimulator\"}','2014-12-14 03:51:03'),(36,'{\"command\":\"petalk\",\"ipAddr\":\"0.0.0.0\",\"sim\":\"10000000000\",\"pageSize\":\"10\",\"platform\":\"iOS8.1\",\"imei\":\"FC556D72-930E-474F-8BB5-F53036F6EFE8\",\"version\":\"1.4.0\",\"macAddr\":\"0:0:0:0\",\"model\":\"iPhoneSimulator\",\"petId\":\"\",\"imsi\":\"00000000\",\"options\":\"hotList\",\"pageIndex\":\"0\",\"channel\":\"001\"}','2014-12-14 03:51:04'),(37,'{\"command\":\"petalk\",\"ipAddr\":\"0.0.0.0\",\"sim\":\"10000000000\",\"pageSize\":\"10\",\"platform\":\"iOS8.1\",\"imei\":\"FC556D72-930E-474F-8BB5-F53036F6EFE8\",\"version\":\"1.4.0\",\"macAddr\":\"0:0:0:0\",\"model\":\"iPhoneSimulator\",\"petId\":\"\",\"imsi\":\"00000000\",\"options\":\"focusList\",\"channel\":\"001\"}','2014-12-14 03:51:04'),(38,'{\"command\":\"fs\",\"ipAddr\":\"0.0.0.0\",\"sim\":\"10000000000\",\"platform\":\"iOS8.1\",\"imei\":\"FC556D72-930E-474F-8BB5-F53036F6EFE8\",\"version\":\"1.4.0\",\"macAddr\":\"0:0:0:0\",\"model\":\"iPhoneSimulator\",\"imsi\":\"00000000\",\"options\":\"uptoken\",\"domain\":\"testpetalk\",\"channel\":\"001\"}','2014-12-14 03:51:04'),(39,'{\"command\":\"petalk\",\"ipAddr\":\"0.0.0.0\",\"sim\":\"10000000000\",\"pageSize\":\"10\",\"platform\":\"iOS8.1\",\"imei\":\"FC556D72-930E-474F-8BB5-F53036F6EFE8\",\"version\":\"1.4.0\",\"macAddr\":\"0:0:0:0\",\"model\":\"iPhoneSimulator\",\"petId\":\"\",\"imsi\":\"00000000\",\"options\":\"focusList\",\"channel\":\"001\"}','2014-12-14 03:53:56'),(40,'{\"ipAddr\":\"0.0.0.0\",\"version\":\"1.4.0\",\"imei\":\"FC556D72-930E-474F-8BB5-F53036F6EFE8\",\"imsi\":\"00000000\",\"options\":\"top\",\"channel\":\"001\",\"command\":\"tag\",\"macAddr\":\"0:0:0:0\",\"platform\":\"iOS8.1\",\"sim\":\"10000000000\",\"model\":\"iPhoneSimulator\"}','2014-12-14 03:53:56'),(41,'{\"command\":\"fs\",\"ipAddr\":\"0.0.0.0\",\"sim\":\"10000000000\",\"platform\":\"iOS8.1\",\"imei\":\"FC556D72-930E-474F-8BB5-F53036F6EFE8\",\"version\":\"1.4.0\",\"macAddr\":\"0:0:0:0\",\"model\":\"iPhoneSimulator\",\"imsi\":\"00000000\",\"options\":\"uptoken\",\"domain\":\"testpetalk\",\"channel\":\"001\"}','2014-12-14 03:53:57'),(42,'{\"command\":\"petalk\",\"ipAddr\":\"0.0.0.0\",\"sim\":\"10000000000\",\"pageSize\":\"10\",\"platform\":\"iOS8.1\",\"imei\":\"FC556D72-930E-474F-8BB5-F53036F6EFE8\",\"version\":\"1.4.0\",\"macAddr\":\"0:0:0:0\",\"model\":\"iPhoneSimulator\",\"petId\":\"\",\"imsi\":\"00000000\",\"options\":\"hotList\",\"pageIndex\":\"0\",\"channel\":\"001\"}','2014-12-14 03:53:57'),(43,'{\"imsi\":\"00000000\",\"version\":\"1.0.0\",\"sim\":\"10000000000\",\"channel\":\"1001\",\"ipAddr\":\"0.0.0.0\",\"imei\":\"41879E4E-A881-4849-9828-379765FD2F9F\",\"service\":\"member\",\"platform\":\"iOS8.1\",\"username\":\"15652291114\",\"macAddr\":\"0:0:0:0\",\"password\":\"111111\",\"model\":\"iPhoneSimulator\",\"method\":\"signup\"}','2014-12-14 03:56:12'),(44,'{\"imsi\":\"00000000\",\"version\":\"1.0.0\",\"sim\":\"10000000000\",\"channel\":\"1001\",\"ipAddr\":\"0.0.0.0\",\"imei\":\"41879E4E-A881-4849-9828-379765FD2F9F\",\"service\":\"member\",\"platform\":\"iOS8.1\",\"username\":\"15652291114\",\"macAddr\":\"0:0:0:0\",\"password\":\"111111\",\"model\":\"iPhoneSimulator\",\"method\":\"signup\"}','2014-12-14 03:59:29'),(45,'','2014-12-14 04:09:21'),(46,'','2014-12-14 04:10:44'),(47,'L@','2014-12-14 04:12:37'),(48,'','2014-12-14 04:13:48'),(49,'{\"imsi\":\"00000000\",\"version\":\"1.0.0\",\"sim\":\"10000000000\",\"channel\":\"1001\",\"ipAddr\":\"0.0.0.0\",\"imei\":\"41879E4E-A881-4849-9828-379765FD2F9F\",\"service\":\"member\",\"platform\":\"iOS8.1\",\"username\":\"15652291114\",\"macAddr\":\"0:0:0:0\",\"password\":\"111111\",\"model\":\"iPhoneSimulator\",\"method\":\"signup\"}','2014-12-14 05:23:26'),(50,'{\"imsi\":\"00000000\",\"version\":\"1.0.0\",\"sim\":\"10000000000\",\"channel\":\"1001\",\"ipAddr\":\"0.0.0.0\",\"imei\":\"41879E4E-A881-4849-9828-379765FD2F9F\",\"service\":\"member\",\"platform\":\"iOS8.1\",\"username\":\"15652291114\",\"macAddr\":\"0:0:0:0\",\"password\":\"111111\",\"model\":\"iPhoneSimulator\",\"method\":\"signup\"}','2014-12-14 05:52:21'),(51,'{\"imsi\":\"00000000\",\"version\":\"1.0.0\",\"sim\":\"10000000000\",\"channel\":\"1001\",\"ipAddr\":\"0.0.0.0\",\"imei\":\"41879E4E-A881-4849-9828-379765FD2F9F\",\"service\":\"member\",\"platform\":\"iOS8.1\",\"username\":\"15652291114\",\"macAddr\":\"0:0:0:0\",\"password\":\"111111\",\"model\":\"iPhoneSimulator\",\"method\":\"signup\"}','2014-12-14 05:58:28'),(52,'{\"imsi\":\"00000000\",\"version\":\"1.0.0\",\"sim\":\"10000000000\",\"channel\":\"1001\",\"ipAddr\":\"0.0.0.0\",\"imei\":\"41879E4E-A881-4849-9828-379765FD2F9F\",\"service\":\"member\",\"platform\":\"iOS8.1\",\"username\":\"15652291114\",\"macAddr\":\"0:0:0:0\",\"password\":\"111111\",\"model\":\"iPhoneSimulator\",\"method\":\"signup\"}','2014-12-14 07:11:16'),(53,'{\"imsi\":\"00000000\",\"version\":\"1.0.0\",\"sim\":\"10000000000\",\"channel\":\"1001\",\"ipAddr\":\"0.0.0.0\",\"imei\":\"41879E4E-A881-4849-9828-379765FD2F9F\",\"service\":\"member\",\"platform\":\"iOS8.1\",\"username\":\"15652291114\",\"macAddr\":\"0:0:0:0\",\"password\":\"111111\",\"model\":\"iPhoneSimulator\",\"method\":\"signup\"}','2014-12-14 07:11:51'),(54,'{\"imsi\":\"00000000\",\"version\":\"1.0.0\",\"sim\":\"10000000000\",\"channel\":\"1001\",\"ipAddr\":\"0.0.0.0\",\"imei\":\"41879E4E-A881-4849-9828-379765FD2F9F\",\"service\":\"member\",\"platform\":\"iOS8.1\",\"username\":\"15652291050\",\"macAddr\":\"0:0:0:0\",\"password\":\"111111\",\"model\":\"iPhoneSimulator\",\"method\":\"signup\"}','2014-12-14 07:17:25'),(55,'{\"imsi\":\"00000000\",\"version\":\"1.0.0\",\"sim\":\"10000000000\",\"channel\":\"1001\",\"ipAddr\":\"0.0.0.0\",\"imei\":\"41879E4E-A881-4849-9828-379765FD2F9F\",\"service\":\"member\",\"platform\":\"iOS8.1\",\"username\":\"15652291050\",\"macAddr\":\"0:0:0:0\",\"password\":\"111111\",\"model\":\"iPhoneSimulator\",\"method\":\"signin\"}','2014-12-14 07:17:51'),(56,'{\"imsi\":\"00000000\",\"version\":\"1.0.0\",\"sim\":\"10000000000\",\"channel\":\"1001\",\"ipAddr\":\"0.0.0.0\",\"imei\":\"41879E4E-A881-4849-9828-379765FD2F9F\",\"service\":\"member\",\"platform\":\"iOS8.1\",\"username\":\"15652291050\",\"macAddr\":\"0:0:0:0\",\"password\":\"111111\",\"model\":\"iPhoneSimulator\",\"method\":\"signin\"}','2014-12-14 07:20:52'),(57,'{\"imsi\":\"00000000\",\"version\":\"1.0.0\",\"sim\":\"10000000000\",\"channel\":\"1001\",\"ipAddr\":\"0.0.0.0\",\"imei\":\"01763B84-47C4-419C-8045-C7429652D70D\",\"service\":\"member\",\"platform\":\"iOS8.1\",\"username\":\"15652291050\",\"macAddr\":\"0:0:0:0\",\"password\":\"111111\",\"model\":\"iPhoneSimulator\",\"method\":\"signin\"}','2014-12-14 09:34:39'),(58,'{\"imsi\":\"00000000\",\"version\":\"1.0.0\",\"sim\":\"10000000000\",\"channel\":\"1001\",\"ipAddr\":\"0.0.0.0\",\"imei\":\"01763B84-47C4-419C-8045-C7429652D70D\",\"service\":\"member\",\"platform\":\"iOS8.1\",\"username\":\"15652291050\",\"macAddr\":\"0:0:0:0\",\"password\":\"111111\",\"model\":\"iPhoneSimulator\",\"method\":\"signin\"}','2014-12-14 09:34:39'),(59,'{\"method\":\"signup\",\"ipAddr\":\"0.0.0.0\",\"username\":\"15652291114\",\"sim\":\"10000000000\",\"password\":\"111111\",\"platform\":\"iOS8.1.2\",\"imei\":\"AF62DF46-6F78-4C31-A0D3-F94108507268\",\"version\":\"1.0.0\",\"service\":\"member\",\"macAddr\":\"0:0:0:0\",\"model\":\"iPhone\",\"imsi\":\"00000000\",\"channel\":\"1001\"}','2014-12-21 06:02:08'),(60,'{\"imsi\":\"00000000\",\"version\":\"1.0.0\",\"sim\":\"10000000000\",\"channel\":\"1001\",\"ipAddr\":\"0.0.0.0\",\"imei\":\"41879E4E-A881-4849-9828-379765FD2F9F\",\"service\":\"member\",\"platform\":\"iOS8.1\",\"username\":\"15652291050\",\"macAddr\":\"0:0:0:0\",\"password\":\"111111\",\"model\":\"iPhoneSimulator\",\"method\":\"signup\"}','2014-12-25 14:25:48'),(61,'{\"imsi\":\"00000000\",\"version\":\"1.0.0\",\"sim\":\"10000000000\",\"channel\":\"1001\",\"ipAddr\":\"0.0.0.0\",\"imei\":\"41879E4E-A881-4849-9828-379765FD2F9F\",\"service\":\"member\",\"platform\":\"iOS8.1\",\"username\":\"15633225588\",\"macAddr\":\"0:0:0:0\",\"password\":\"111111\",\"model\":\"iPhoneSimulator\",\"method\":\"signup\"}','2014-12-25 15:02:04'),(62,'{\"imsi\":\"00000000\",\"version\":\"1.0.0\",\"sim\":\"10000000000\",\"channel\":\"1001\",\"ipAddr\":\"0.0.0.0\",\"imei\":\"41879E4E-A881-4849-9828-379765FD2F9F\",\"service\":\"member\",\"platform\":\"iOS8.1\",\"username\":\"15633225588\",\"macAddr\":\"0:0:0:0\",\"password\":\"111111\",\"model\":\"iPhoneSimulator\",\"method\":\"signup\"}','2014-12-25 15:03:12'),(63,'{\"method\":\"signup\",\"ipAddr\":\"0.0.0.0\",\"username\":\"15652291050\",\"sim\":\"10000000000\",\"password\":\"111111\",\"platform\":\"iOS8.1.2\",\"imei\":\"AF62DF46-6F78-4C31-A0D3-F94108507268\",\"version\":\"1.0.0\",\"service\":\"member\",\"macAddr\":\"0:0:0:0\",\"model\":\"iPhone\",\"imsi\":\"00000000\",\"channel\":\"1001\"}','2014-12-26 02:27:05'),(64,'{\"imsi\":\"00000000\",\"version\":\"1.0.0\",\"sim\":\"10000000000\",\"channel\":\"1001\",\"ipAddr\":\"0.0.0.0\",\"imei\":\"826DC252-19FD-466C-8F53-7B388B634C57\",\"service\":\"member\",\"platform\":\"iOS8.1\",\"username\":\"18855223366\",\"macAddr\":\"0:0:0:0\",\"password\":\"111111\",\"model\":\"iPhoneSimulator\",\"method\":\"signup\"}','2014-12-26 02:56:14'),(65,'{\"imsi\":\"00000000\",\"version\":\"1.0.0\",\"sim\":\"10000000000\",\"channel\":\"1001\",\"ipAddr\":\"0.0.0.0\",\"imei\":\"826DC252-19FD-466C-8F53-7B388B634C57\",\"service\":\"member\",\"platform\":\"iOS8.1\",\"username\":\"11111\",\"macAddr\":\"0:0:0:0\",\"password\":\"111111\",\"model\":\"iPhoneSimulator\",\"method\":\"login\"}','2014-12-26 06:37:03'),(66,'{\"imsi\":\"00000000\",\"version\":\"1.0.0\",\"sim\":\"10000000000\",\"channel\":\"1001\",\"ipAddr\":\"0.0.0.0\",\"imei\":\"826DC252-19FD-466C-8F53-7B388B634C57\",\"service\":\"member\",\"platform\":\"iOS8.1\",\"username\":\"1111111\",\"macAddr\":\"0:0:0:0\",\"password\":\"111111\",\"model\":\"iPhoneSimulator\",\"method\":\"login\"}','2014-12-26 06:42:20'),(67,'{\"imsi\":\"00000000\",\"version\":\"1.0.0\",\"sim\":\"10000000000\",\"channel\":\"1001\",\"ipAddr\":\"0.0.0.0\",\"imei\":\"826DC252-19FD-466C-8F53-7B388B634C57\",\"service\":\"member\",\"platform\":\"iOS8.1\",\"username\":\"15652291050\",\"macAddr\":\"0:0:0:0\",\"password\":\"rrrrrrr\",\"model\":\"iPhoneSimulator\",\"method\":\"login\"}','2014-12-26 06:42:34'),(68,'{\"imsi\":\"00000000\",\"version\":\"1.0.0\",\"sim\":\"10000000000\",\"channel\":\"1001\",\"ipAddr\":\"0.0.0.0\",\"imei\":\"826DC252-19FD-466C-8F53-7B388B634C57\",\"service\":\"member\",\"platform\":\"iOS8.1\",\"username\":\"15652291050\",\"macAddr\":\"0:0:0:0\",\"password\":\"121111\",\"model\":\"iPhoneSimulator\",\"method\":\"login\"}','2014-12-26 06:45:11'),(69,'{\"imsi\":\"00000000\",\"version\":\"1.0.0\",\"sim\":\"10000000000\",\"channel\":\"1001\",\"ipAddr\":\"0.0.0.0\",\"imei\":\"826DC252-19FD-466C-8F53-7B388B634C57\",\"service\":\"member\",\"platform\":\"iOS8.1\",\"username\":\"15652291050\",\"macAddr\":\"0:0:0:0\",\"password\":\"1211111\",\"model\":\"iPhoneSimulator\",\"method\":\"login\"}','2014-12-26 06:45:56'),(70,'{\"imsi\":\"00000000\",\"version\":\"1.0.0\",\"sim\":\"10000000000\",\"channel\":\"1001\",\"ipAddr\":\"0.0.0.0\",\"imei\":\"826DC252-19FD-466C-8F53-7B388B634C57\",\"service\":\"member\",\"platform\":\"iOS8.1\",\"username\":\"15652291050\",\"macAddr\":\"0:0:0:0\",\"password\":\"123456\",\"model\":\"iPhoneSimulator\",\"method\":\"login\"}','2014-12-26 06:46:10'),(71,'{\"imsi\":\"00000000\",\"version\":\"1.0.0\",\"sim\":\"10000000000\",\"channel\":\"1001\",\"ipAddr\":\"0.0.0.0\",\"imei\":\"826DC252-19FD-466C-8F53-7B388B634C57\",\"service\":\"member\",\"platform\":\"iOS8.1\",\"username\":\"15652291050\",\"macAddr\":\"0:0:0:0\",\"password\":\"abc123\",\"model\":\"iPhoneSimulator\",\"method\":\"login\"}','2014-12-26 06:46:25'),(72,'{\"imsi\":\"00000000\",\"version\":\"1.0.0\",\"sim\":\"10000000000\",\"channel\":\"1001\",\"ipAddr\":\"0.0.0.0\",\"imei\":\"826DC252-19FD-466C-8F53-7B388B634C57\",\"service\":\"member\",\"platform\":\"iOS8.1\",\"username\":\"15652291050\",\"macAddr\":\"0:0:0:0\",\"password\":\"abc1234\",\"model\":\"iPhoneSimulator\",\"method\":\"login\"}','2014-12-26 06:46:29'),(73,'{\"imsi\":\"00000000\",\"version\":\"1.0.0\",\"sim\":\"10000000000\",\"channel\":\"1001\",\"ipAddr\":\"0.0.0.0\",\"imei\":\"826DC252-19FD-466C-8F53-7B388B634C57\",\"service\":\"member\",\"platform\":\"iOS8.1\",\"username\":\"15652291050\",\"macAddr\":\"0:0:0:0\",\"password\":\"aaaaaa\",\"model\":\"iPhoneSimulator\",\"method\":\"login\"}','2014-12-26 06:46:38'),(74,'{\"imsi\":\"00000000\",\"version\":\"1.0.0\",\"sim\":\"10000000000\",\"channel\":\"1001\",\"ipAddr\":\"0.0.0.0\",\"imei\":\"826DC252-19FD-466C-8F53-7B388B634C57\",\"service\":\"member\",\"platform\":\"iOS8.1\",\"username\":\"15100000000\",\"macAddr\":\"0:0:0:0\",\"password\":\"111111\",\"model\":\"iPhoneSimulator\",\"method\":\"signup\"}','2014-12-26 06:47:06'),(75,'{\"imsi\":\"00000000\",\"version\":\"1.0.0\",\"sim\":\"10000000000\",\"channel\":\"1001\",\"ipAddr\":\"0.0.0.0\",\"imei\":\"826DC252-19FD-466C-8F53-7B388B634C57\",\"service\":\"member\",\"platform\":\"iOS8.1\",\"username\":\"15100000000\",\"macAddr\":\"0:0:0:0\",\"password\":\"111111\",\"model\":\"iPhoneSimulator\",\"method\":\"login\"}','2014-12-26 06:47:52'),(76,'{\"imsi\":\"00000000\",\"version\":\"1.0.0\",\"sim\":\"10000000000\",\"channel\":\"1001\",\"ipAddr\":\"0.0.0.0\",\"imei\":\"826DC252-19FD-466C-8F53-7B388B634C57\",\"service\":\"member\",\"platform\":\"iOS8.1\",\"username\":\"15100000000\",\"macAddr\":\"0:0:0:0\",\"password\":\"111111\",\"model\":\"iPhoneSimulator\",\"method\":\"login\"}','2014-12-26 07:15:55'),(77,'{\"imsi\":\"00000000\",\"version\":\"1.0.0\",\"sim\":\"10000000000\",\"channel\":\"1001\",\"ipAddr\":\"0.0.0.0\",\"imei\":\"826DC252-19FD-466C-8F53-7B388B634C57\",\"service\":\"member\",\"platform\":\"iOS8.1\",\"username\":\"15100000000\",\"macAddr\":\"0:0:0:0\",\"password\":\"111111\",\"model\":\"iPhoneSimulator\",\"method\":\"login\"}','2014-12-26 07:17:14'),(78,'{\"method\":\"login\",\"ipAddr\":\"0.0.0.0\",\"username\":\"15100000000\",\"sim\":\"10000000000\",\"password\":\"111111\",\"platform\":\"iOS8.1.2\",\"imei\":\"AF62DF46-6F78-4C31-A0D3-F94108507268\",\"version\":\"1.0.0\",\"service\":\"member\",\"macAddr\":\"0:0:0:0\",\"model\":\"iPhone\",\"imsi\":\"00000000\",\"channel\":\"1001\"}','2014-12-26 07:19:10'),(79,'{\"method\":\"login\",\"ipAddr\":\"0.0.0.0\",\"username\":\"15100000000\",\"sim\":\"10000000000\",\"password\":\"111111\",\"platform\":\"iOS8.1.2\",\"imei\":\"AF62DF46-6F78-4C31-A0D3-F94108507268\",\"version\":\"1.0.0\",\"service\":\"member\",\"macAddr\":\"0:0:0:0\",\"model\":\"iPhone\",\"imsi\":\"00000000\",\"channel\":\"1001\"}','2014-12-26 07:25:32'),(80,'{\"method\":\"login\",\"ipAddr\":\"0.0.0.0\",\"username\":\"15100000000\",\"sim\":\"10000000000\",\"password\":\"11111111\",\"platform\":\"iOS8.1.2\",\"imei\":\"AF62DF46-6F78-4C31-A0D3-F94108507268\",\"version\":\"1.0.0\",\"service\":\"member\",\"macAddr\":\"0:0:0:0\",\"model\":\"iPhone\",\"imsi\":\"00000000\",\"channel\":\"1001\"}','2014-12-26 07:27:18'),(81,'{\"method\":\"login\",\"ipAddr\":\"0.0.0.0\",\"username\":\"15100000000\",\"sim\":\"10000000000\",\"password\":\"111111\",\"platform\":\"iOS8.1.2\",\"imei\":\"AF62DF46-6F78-4C31-A0D3-F94108507268\",\"version\":\"1.0.0\",\"service\":\"member\",\"macAddr\":\"0:0:0:0\",\"model\":\"iPhone\",\"imsi\":\"00000000\",\"channel\":\"1001\"}','2014-12-26 07:27:30'),(82,'{\"method\":\"login\",\"ipAddr\":\"0.0.0.0\",\"username\":\"15100000000\",\"sim\":\"10000000000\",\"password\":\"111111\",\"platform\":\"iOS8.1.2\",\"imei\":\"AF62DF46-6F78-4C31-A0D3-F94108507268\",\"version\":\"1.0.0\",\"service\":\"member\",\"macAddr\":\"0:0:0:0\",\"model\":\"iPhone\",\"imsi\":\"00000000\",\"channel\":\"1001\"}','2014-12-26 07:30:03'),(83,'{\"method\":\"login\",\"ipAddr\":\"0.0.0.0\",\"username\":\"15100000000\",\"sim\":\"10000000000\",\"password\":\"111111\",\"platform\":\"iOS8.1.2\",\"imei\":\"AF62DF46-6F78-4C31-A0D3-F94108507268\",\"version\":\"1.0.0\",\"service\":\"member\",\"macAddr\":\"0:0:0:0\",\"model\":\"iPhone\",\"imsi\":\"00000000\",\"channel\":\"1001\"}','2014-12-26 07:31:30'),(84,'{\"method\":\"login\",\"ipAddr\":\"0.0.0.0\",\"username\":\"15100000000\",\"sim\":\"10000000000\",\"password\":\"111111\",\"platform\":\"iOS8.1.2\",\"imei\":\"AF62DF46-6F78-4C31-A0D3-F94108507268\",\"version\":\"1.0.0\",\"service\":\"member\",\"macAddr\":\"0:0:0:0\",\"model\":\"iPhone\",\"imsi\":\"00000000\",\"channel\":\"1001\"}','2014-12-26 08:25:48'),(85,'{\"method\":\"login\",\"ipAddr\":\"0.0.0.0\",\"username\":\"15100000000\",\"sim\":\"10000000000\",\"password\":\"111111\",\"platform\":\"iOS8.1.2\",\"imei\":\"AF62DF46-6F78-4C31-A0D3-F94108507268\",\"version\":\"1.0.0\",\"service\":\"member\",\"macAddr\":\"0:0:0:0\",\"model\":\"iPhone\",\"imsi\":\"00000000\",\"channel\":\"1001\"}','2014-12-26 08:25:56'),(86,'{\"imsi\":\"00000000\",\"version\":\"1.0.0\",\"sim\":\"10000000000\",\"channel\":\"1001\",\"ipAddr\":\"0.0.0.0\",\"imei\":\"826DC252-19FD-466C-8F53-7B388B634C57\",\"service\":\"member\",\"platform\":\"iOS8.1\",\"username\":\"15266669999\",\"macAddr\":\"0:0:0:0\",\"password\":\"111111\",\"model\":\"iPhoneSimulator\",\"method\":\"signup\"}','2014-12-26 10:31:25'),(87,'{\"imsi\":\"00000000\",\"version\":\"1.0.0\",\"sim\":\"10000000000\",\"channel\":\"1001\",\"ipAddr\":\"0.0.0.0\",\"imei\":\"826DC252-19FD-466C-8F53-7B388B634C57\",\"service\":\"member\",\"platform\":\"iOS8.1\",\"username\":\"15366552211\",\"macAddr\":\"0:0:0:0\",\"password\":\"111111\",\"model\":\"iPhoneSimulator\",\"method\":\"signup\"}','2014-12-26 10:33:08'),(88,'{\"imsi\":\"00000000\",\"version\":\"1.0.0\",\"sim\":\"10000000000\",\"channel\":\"1001\",\"ipAddr\":\"0.0.0.0\",\"imei\":\"41879E4E-A881-4849-9828-379765FD2F9F\",\"service\":\"member\",\"platform\":\"iOS8.1\",\"username\":\"15111111111\",\"macAddr\":\"0:0:0:0\",\"password\":\"111111\",\"model\":\"iPhoneSimulator\",\"method\":\"signup\"}','2014-12-26 12:48:43'),(89,'{\"imsi\":\"00000000\",\"version\":\"1.0.0\",\"sim\":\"10000000000\",\"channel\":\"1001\",\"ipAddr\":\"0.0.0.0\",\"imei\":\"41879E4E-A881-4849-9828-379765FD2F9F\",\"service\":\"member\",\"platform\":\"iOS8.1\",\"token\":\"8A311318871815A1A00E3B72FE09C30912B4454B\",\"macAddr\":\"0:0:0:0\",\"birthday\":\"465050937.000000\",\"model\":\"iPhoneSimulator\",\"nickname\":\"Aaaaaaaaa\",\"method\":\"update\"}','2014-12-26 12:50:20'),(90,'{\"imsi\":\"00000000\",\"version\":\"1.0.0\",\"sim\":\"10000000000\",\"channel\":\"1001\",\"ipAddr\":\"0.0.0.0\",\"imei\":\"41879E4E-A881-4849-9828-379765FD2F9F\",\"service\":\"member\",\"platform\":\"iOS8.1\",\"username\":\"15122222222\",\"macAddr\":\"0:0:0:0\",\"password\":\"111111\",\"model\":\"iPhoneSimulator\",\"method\":\"signup\"}','2014-12-26 12:57:54'),(91,'{\"imsi\":\"00000000\",\"version\":\"1.0.0\",\"sim\":\"10000000000\",\"channel\":\"1001\",\"ipAddr\":\"0.0.0.0\",\"imei\":\"41879E4E-A881-4849-9828-379765FD2F9F\",\"service\":\"member\",\"platform\":\"iOS8.1\",\"username\":\"15133333333\",\"macAddr\":\"0:0:0:0\",\"password\":\"111111\",\"model\":\"iPhoneSimulator\",\"method\":\"signup\"}','2014-12-26 14:27:39'),(92,'{\"imsi\":\"00000000\",\"version\":\"1.0.0\",\"sim\":\"10000000000\",\"channel\":\"1001\",\"avatar\":\"\",\"ipAddr\":\"0.0.0.0\",\"imei\":\"41879E4E-A881-4849-9828-379765FD2F9F\",\"service\":\"member\",\"platform\":\"iOS8.1\",\"token\":\"91AC89DAEEA12C43928FDD34B24CDBD3FABAC5E5\",\"macAddr\":\"0:0:0:0\",\"birthday\":\"1351261665\",\"model\":\"iPhoneSimulator\",\"nickname\":\"Rrrrrrrrr\",\"method\":\"update\"}','2014-12-26 14:28:22'),(93,'{\"imsi\":\"00000000\",\"version\":\"1.0.0\",\"sim\":\"10000000000\",\"channel\":\"1001\",\"avatar\":\"http:\\/\\/petalk.qiniudn.com\\/img\\/avatar\\/20141226\\/C9960617DE8C488D9ECA558ECE011899.jpg\",\"ipAddr\":\"0.0.0.0\",\"imei\":\"41879E4E-A881-4849-9828-379765FD2F9F\",\"service\":\"member\",\"platform\":\"iOS8.1\",\"token\":\"91AC89DAEEA12C43928FDD34B24CDBD3FABAC5E5\",\"macAddr\":\"0:0:0:0\",\"birthday\":\"1351261665\",\"model\":\"iPhoneSimulator\",\"nickname\":\"Rrrrrrrrr\",\"method\":\"update\"}','2014-12-26 14:29:12'),(94,'{\"imsi\":\"00000000\",\"version\":\"1.0.0\",\"sim\":\"10000000000\",\"channel\":\"1001\",\"ipAddr\":\"0.0.0.0\",\"imei\":\"41879E4E-A881-4849-9828-379765FD2F9F\",\"service\":\"member\",\"platform\":\"iOS8.1\",\"username\":\"15144444444\",\"macAddr\":\"0:0:0:0\",\"password\":\"111111\",\"model\":\"iPhoneSimulator\",\"method\":\"signup\"}','2014-12-26 14:32:19'),(95,'{\"imsi\":\"00000000\",\"version\":\"1.0.0\",\"sim\":\"10000000000\",\"channel\":\"1001\",\"avatar\":\"http:\\/\\/testpetalk.qiniudn.com\\/img\\/avatar\\/20141226\\/D92780D6088F4AF1AB453EB4351E8545.jpg\",\"ipAddr\":\"0.0.0.0\",\"imei\":\"41879E4E-A881-4849-9828-379765FD2F9F\",\"service\":\"member\",\"platform\":\"iOS8.1\",\"token\":\"998F58BCB92242D967255AD6629C3C69B12FE476\",\"macAddr\":\"0:0:0:0\",\"birthday\":\"1287930751\",\"model\":\"iPhoneSimulator\",\"nickname\":\"Uuiuuuuuuuu\",\"method\":\"update\"}','2014-12-26 14:32:41'),(96,'{\"service\":\"member\",\"method\":\"update\",\"token\":\"23F1744475AC8F0889163704C9FF77C82C4C973F\",\"channel\":\"1001\",\"deviceId\":\"DE2A634F-30EA-4287-BF4F-B546901CA2A5\",\"imsi\":\"00000000\",\"ipAddr\":\"0.0.0.0\",\"addtionalDeviceId\":\"3DA0B892E00D4EF89CDA112658532BB7DE2A634F\",\"macAddr\":\"0:0:0:0\",\"model\":\"iPhone5\",\"platform\":\"iOS\",\"platformVersion\":\"8.1\",\"sim\":\"00000000000\",\"version\":\"1.6.0\",\"username\":\"rming\",\"password\":\"123456\",\"gender\":\"\"}','2014-12-26 18:52:08'),(97,'{\"service\":\"qiniu\",\"method\":\"get_token\",\"qiniu_bucket\":\"onemin\",}','2014-12-26 18:52:49'),(98,'{\"imsi\":\"00000000\",\"version\":\"1.0.0\",\"sim\":\"10000000000\",\"channel\":\"1001\",\"ipAddr\":\"0.0.0.0\",\"imei\":\"D4234FF4-E8BF-40C7-B4C0-60958242B1E6\",\"service\":\"member\",\"platform\":\"iOS8.1.1\",\"username\":\"15155555555\",\"macAddr\":\"0:0:0:0\",\"password\":\"111111\",\"model\":\"iPad\",\"method\":\"signup\"}','2014-12-27 00:28:59'),(99,'{\"imsi\":\"00000000\",\"version\":\"1.0.0\",\"sim\":\"10000000000\",\"channel\":\"1001\",\"ipAddr\":\"0.0.0.0\",\"imei\":\"D4234FF4-E8BF-40C7-B4C0-60958242B1E6\",\"service\":\"member\",\"platform\":\"iOS8.1.1\",\"username\":\"15166666666\",\"macAddr\":\"0:0:0:0\",\"password\":\"111111\",\"model\":\"iPad\",\"method\":\"signup\"}','2014-12-27 00:32:24'),(100,'{\"imsi\":\"00000000\",\"version\":\"1.0.0\",\"sim\":\"10000000000\",\"channel\":\"1001\",\"avatar\":\"http:\\/\\/testpetalk.qiniudn.com\\/img\\/avatar\\/20141227\\/56837B25ECFA4D51BFD8B04703E2065B.jpg\",\"ipAddr\":\"0.0.0.0\",\"imei\":\"D4234FF4-E8BF-40C7-B4C0-60958242B1E6\",\"service\":\"member\",\"platform\":\"iOS8.1.1\",\"token\":\"5E45B0F439CAE2F366CC76A2557D44F5C1B46732\",\"macAddr\":\"0:0:0:0\",\"birthday\":\"1419640359\",\"model\":\"iPad\",\"nickname\":\"shhs','2014-12-27 00:32:45'),(101,'{\"imsi\":\"00000000\",\"version\":\"1.0.0\",\"sim\":\"10000000000\",\"channel\":\"1001\",\"ipAddr\":\"0.0.0.0\",\"imei\":\"D4234FF4-E8BF-40C7-B4C0-60958242B1E6\",\"service\":\"member\",\"platform\":\"iOS8.1.1\",\"username\":\"15177777777\",\"macAddr\":\"0:0:0:0\",\"password\":\"111111\",\"model\":\"iPad\",\"method\":\"signup\"}','2014-12-27 00:33:24'),(102,'{\"imsi\":\"00000000\",\"version\":\"1.0.0\",\"sim\":\"10000000000\",\"channel\":\"1001\",\"avatar\":\"http:\\/\\/testpetalk.qiniudn.com\\/img\\/avatar\\/20141227\\/8F46B75A722249BD83135049922EFF38.jpg\",\"ipAddr\":\"0.0.0.0\",\"imei\":\"D4234FF4-E8BF-40C7-B4C0-60958242B1E6\",\"service\":\"member\",\"platform\":\"iOS8.1.1\",\"token\":\"4C1516BF7FD9A1BCEE4B4189DBBD1741F87F6D5F\",\"macAddr\":\"0:0:0:0\",\"birthday\":\"1356568419\",\"model\":\"iPad\",\"nickname\":\"nx','2014-12-27 00:33:47'),(103,'{\"imsi\":\"00000000\",\"version\":\"1.0.0\",\"sim\":\"10000000000\",\"channel\":\"1001\",\"ipAddr\":\"0.0.0.0\",\"imei\":\"D4234FF4-E8BF-40C7-B4C0-60958242B1E6\",\"service\":\"member\",\"platform\":\"iOS8.1.1\",\"username\":\"15188888888\",\"macAddr\":\"0:0:0:0\",\"password\":\"111111\",\"model\":\"iPad\",\"method\":\"signup\"}','2014-12-27 00:35:08'),(104,'{\"imsi\":\"00000000\",\"version\":\"1.0.0\",\"sim\":\"10000000000\",\"channel\":\"1001\",\"avatar\":\"http:\\/\\/testpetalk.qiniudn.com\\/img\\/avatar\\/20141227\\/3A8E2F9E661D494F9682E7B419338C5D.jpg\",\"ipAddr\":\"0.0.0.0\",\"imei\":\"D4234FF4-E8BF-40C7-B4C0-60958242B1E6\",\"service\":\"member\",\"platform\":\"iOS8.1.1\",\"token\":\"A93E6947A93F4EEAECBED708328FF0EB4729FBB2\",\"macAddr\":\"0:0:0:0\",\"birthday\":\"1356568519\",\"model\":\"iPad\",\"nickname\":\"sjhsj','2014-12-27 00:35:33'),(105,'{\"imsi\":\"00000000\",\"version\":\"1.0.0\",\"sim\":\"10000000000\",\"channel\":\"1001\",\"ipAddr\":\"0.0.0.0\",\"imei\":\"D4234FF4-E8BF-40C7-B4C0-60958242B1E6\",\"service\":\"member\",\"platform\":\"iOS8.1.1\",\"username\":\"15111111111\",\"macAddr\":\"0:0:0:0\",\"model\":\"iPad\",\"method\":\"check_username\"}','2014-12-27 00:45:32'),(106,'{\"imsi\":\"00000000\",\"version\":\"1.0.0\",\"sim\":\"10000000000\",\"channel\":\"1001\",\"ipAddr\":\"0.0.0.0\",\"imei\":\"D4234FF4-E8BF-40C7-B4C0-60958242B1E6\",\"service\":\"member\",\"platform\":\"iOS8.1.1\",\"username\":\"15126359865\",\"macAddr\":\"0:0:0:0\",\"model\":\"iPad\",\"method\":\"check_username\"}','2014-12-27 00:48:10'),(107,'{\"imsi\":\"00000000\",\"version\":\"1.0.0\",\"sim\":\"10000000000\",\"channel\":\"1001\",\"ipAddr\":\"0.0.0.0\",\"imei\":\"D4234FF4-E8BF-40C7-B4C0-60958242B1E6\",\"service\":\"qiniu\",\"platform\":\"iOS8.1.1\",\"qiniu_bucket\":\"onemin\",\"macAddr\":\"0:0:0:0\",\"model\":\"iPad\",\"method\":\"get_token\"}','2014-12-27 00:57:05'),(108,'{\"imsi\":\"00000000\",\"version\":\"1.0.0\",\"sim\":\"10000000000\",\"channel\":\"1001\",\"ipAddr\":\"0.0.0.0\",\"imei\":\"D4234FF4-E8BF-40C7-B4C0-60958242B1E6\",\"service\":\"member\",\"platform\":\"iOS8.1.1\",\"username\":\"15611111111\",\"macAddr\":\"0:0:0:0\",\"model\":\"iPad\",\"method\":\"check_username\"}','2014-12-27 00:57:53'),(109,'{\"imsi\":\"00000000\",\"version\":\"1.0.0\",\"sim\":\"10000000000\",\"channel\":\"1001\",\"ipAddr\":\"0.0.0.0\",\"imei\":\"D4234FF4-E8BF-40C7-B4C0-60958242B1E6\",\"service\":\"member\",\"platform\":\"iOS8.1.1\",\"username\":\"15611111111\",\"macAddr\":\"0:0:0:0\",\"password\":\"111111\",\"model\":\"iPad\",\"method\":\"signup\"}','2014-12-27 00:58:01'),(110,'{\"imsi\":\"00000000\",\"version\":\"1.0.0\",\"sim\":\"10000000000\",\"channel\":\"1001\",\"avatar\":\"http:\\/\\/onemin.qiniudn.com\\/img\\/avatar\\/20141227\\/3E76C2395A5644DCB29A1DD24602D16F.jpg\",\"ipAddr\":\"0.0.0.0\",\"imei\":\"D4234FF4-E8BF-40C7-B4C0-60958242B1E6\",\"service\":\"member\",\"platform\":\"iOS8.1.1\",\"token\":\"751937FDF2CA35FBBECA5984821233C990083D1A\",\"macAddr\":\"0:0:0:0\",\"birthday\":\"1167181101\",\"model\":\"iPad\",\"nickname\":\"sggsg发给\",\"method\":\"update\"}','2014-12-27 00:58:27'),(111,'{\"imsi\":\"00000000\",\"version\":\"1.0.0\",\"sim\":\"10000000000\",\"channel\":\"1001\",\"ipAddr\":\"0.0.0.0\",\"imei\":\"41879E4E-A881-4849-9828-379765FD2F9F\",\"service\":\"qiniu\",\"platform\":\"iOS8.1\",\"qiniu_bucket\":\"onemin\",\"macAddr\":\"0:0:0:0\",\"model\":\"iPhoneSimulator\",\"method\":\"get_token\"}','2014-12-27 01:07:06'),(112,'{\"imsi\":\"00000000\",\"version\":\"1.0.0\",\"sim\":\"10000000000\",\"channel\":\"1001\",\"ipAddr\":\"0.0.0.0\",\"imei\":\"41879E4E-A881-4849-9828-379765FD2F9F\",\"service\":\"qiniu\",\"platform\":\"iOS8.1\",\"qiniu_bucket\":\"onemin\",\"macAddr\":\"0:0:0:0\",\"model\":\"iPhoneSimulator\",\"method\":\"get_token\"}','2014-12-27 01:39:31'),(113,'{\"imsi\":\"00000000\",\"version\":\"1.0.0\",\"sim\":\"10000000000\",\"channel\":\"1001\",\"ipAddr\":\"0.0.0.0\",\"imei\":\"41879E4E-A881-4849-9828-379765FD2F9F\",\"service\":\"qiniu\",\"platform\":\"iOS8.1\",\"qiniu_bucket\":\"onemin\",\"macAddr\":\"0:0:0:0\",\"model\":\"iPhoneSimulator\",\"method\":\"get_token\"}','2014-12-27 01:40:51'),(114,'{\"imsi\":\"00000000\",\"version\":\"1.0.0\",\"sim\":\"10000000000\",\"channel\":\"1001\",\"ipAddr\":\"0.0.0.0\",\"imei\":\"41879E4E-A881-4849-9828-379765FD2F9F\",\"service\":\"qiniu\",\"platform\":\"iOS8.1\",\"qiniu_bucket\":\"onemin\",\"macAddr\":\"0:0:0:0\",\"model\":\"iPhoneSimulator\",\"method\":\"get_token\"}','2014-12-27 01:41:45'),(115,'{\"imsi\":\"00000000\",\"version\":\"1.0.0\",\"sim\":\"10000000000\",\"channel\":\"1001\",\"ipAddr\":\"0.0.0.0\",\"imei\":\"41879E4E-A881-4849-9828-379765FD2F9F\",\"service\":\"qiniu\",\"platform\":\"iOS8.1\",\"qiniu_bucket\":\"onemin\",\"macAddr\":\"0:0:0:0\",\"model\":\"iPhoneSimulator\",\"method\":\"get_token\"}','2014-12-27 01:42:35'),(116,'{\"imsi\":\"00000000\",\"version\":\"1.0.0\",\"sim\":\"10000000000\",\"channel\":\"1001\",\"ipAddr\":\"0.0.0.0\",\"imei\":\"41879E4E-A881-4849-9828-379765FD2F9F\",\"service\":\"qiniu\",\"platform\":\"iOS8.1\",\"qiniu_bucket\":\"onemin\",\"macAddr\":\"0:0:0:0\",\"model\":\"iPhoneSimulator\",\"method\":\"get_token\"}','2014-12-27 01:42:54'),(117,'{\"imsi\":\"00000000\",\"version\":\"1.0.0\",\"sim\":\"10000000000\",\"channel\":\"1001\",\"ipAddr\":\"0.0.0.0\",\"imei\":\"41879E4E-A881-4849-9828-379765FD2F9F\",\"service\":\"qiniu\",\"platform\":\"iOS8.1\",\"qiniu_bucket\":\"onemin\",\"macAddr\":\"0:0:0:0\",\"model\":\"iPhoneSimulator\",\"method\":\"get_token\"}','2014-12-27 01:43:39'),(118,'{\"imsi\":\"00000000\",\"version\":\"1.0.0\",\"sim\":\"10000000000\",\"channel\":\"1001\",\"ipAddr\":\"0.0.0.0\",\"imei\":\"41879E4E-A881-4849-9828-379765FD2F9F\",\"service\":\"qiniu\",\"platform\":\"iOS8.1\",\"qiniu_bucket\":\"onemin\",\"macAddr\":\"0:0:0:0\",\"model\":\"iPhoneSimulator\",\"method\":\"get_token\"}','2014-12-27 01:45:49'),(119,'{\"imsi\":\"00000000\",\"version\":\"1.0.0\",\"sim\":\"10000000000\",\"channel\":\"1001\",\"ipAddr\":\"0.0.0.0\",\"imei\":\"41879E4E-A881-4849-9828-379765FD2F9F\",\"service\":\"qiniu\",\"platform\":\"iOS8.1\",\"qiniu_bucket\":\"onemin\",\"macAddr\":\"0:0:0:0\",\"model\":\"iPhoneSimulator\",\"method\":\"get_token\"}','2014-12-27 01:46:31'),(120,'{\"imsi\":\"00000000\",\"version\":\"1.0.0\",\"sim\":\"10000000000\",\"channel\":\"1001\",\"ipAddr\":\"0.0.0.0\",\"imei\":\"41879E4E-A881-4849-9828-379765FD2F9F\",\"service\":\"qiniu\",\"platform\":\"iOS8.1\",\"qiniu_bucket\":\"onemin\",\"macAddr\":\"0:0:0:0\",\"model\":\"iPhoneSimulator\",\"method\":\"get_token\"}','2014-12-27 01:48:31'),(121,'{\"imsi\":\"00000000\",\"version\":\"1.0.0\",\"sim\":\"10000000000\",\"channel\":\"1001\",\"ipAddr\":\"0.0.0.0\",\"imei\":\"41879E4E-A881-4849-9828-379765FD2F9F\",\"service\":\"qiniu\",\"platform\":\"iOS8.1\",\"qiniu_bucket\":\"onemin\",\"macAddr\":\"0:0:0:0\",\"model\":\"iPhoneSimulator\",\"method\":\"get_token\"}','2014-12-27 01:48:59'),(122,'{\"imsi\":\"00000000\",\"version\":\"1.0.0\",\"sim\":\"10000000000\",\"channel\":\"1001\",\"ipAddr\":\"0.0.0.0\",\"imei\":\"41879E4E-A881-4849-9828-379765FD2F9F\",\"service\":\"qiniu\",\"platform\":\"iOS8.1\",\"qiniu_bucket\":\"onemin\",\"macAddr\":\"0:0:0:0\",\"model\":\"iPhoneSimulator\",\"method\":\"get_token\"}','2014-12-27 01:49:24'),(123,'{\"imsi\":\"00000000\",\"version\":\"1.0.0\",\"sim\":\"10000000000\",\"channel\":\"1001\",\"ipAddr\":\"0.0.0.0\",\"imei\":\"41879E4E-A881-4849-9828-379765FD2F9F\",\"service\":\"qiniu\",\"platform\":\"iOS8.1\",\"qiniu_bucket\":\"onemin\",\"macAddr\":\"0:0:0:0\",\"model\":\"iPhoneSimulator\",\"method\":\"get_token\"}','2014-12-27 01:49:50'),(124,'{\"imsi\":\"00000000\",\"version\":\"1.0.0\",\"sim\":\"10000000000\",\"channel\":\"1001\",\"ipAddr\":\"0.0.0.0\",\"imei\":\"41879E4E-A881-4849-9828-379765FD2F9F\",\"service\":\"qiniu\",\"platform\":\"iOS8.1\",\"qiniu_bucket\":\"onemin\",\"macAddr\":\"0:0:0:0\",\"model\":\"iPhoneSimulator\",\"method\":\"get_token\"}','2014-12-27 01:56:30'),(125,'{\"imsi\":\"00000000\",\"version\":\"1.0.0\",\"sim\":\"10000000000\",\"channel\":\"1001\",\"ipAddr\":\"0.0.0.0\",\"imei\":\"41879E4E-A881-4849-9828-379765FD2F9F\",\"service\":\"qiniu\",\"platform\":\"iOS8.1\",\"qiniu_bucket\":\"onemin\",\"macAddr\":\"0:0:0:0\",\"model\":\"iPhoneSimulator\",\"method\":\"get_token\"}','2014-12-27 01:57:28'),(126,'{\"imsi\":\"00000000\",\"version\":\"1.0.0\",\"sim\":\"10000000000\",\"channel\":\"1001\",\"ipAddr\":\"0.0.0.0\",\"imei\":\"41879E4E-A881-4849-9828-379765FD2F9F\",\"service\":\"qiniu\",\"platform\":\"iOS8.1\",\"qiniu_bucket\":\"onemin\",\"macAddr\":\"0:0:0:0\",\"model\":\"iPhoneSimulator\",\"method\":\"get_token\"}','2014-12-27 02:00:07'),(127,'{\"imsi\":\"00000000\",\"version\":\"1.0.0\",\"sim\":\"10000000000\",\"channel\":\"1001\",\"ipAddr\":\"0.0.0.0\",\"imei\":\"41879E4E-A881-4849-9828-379765FD2F9F\",\"service\":\"qiniu\",\"platform\":\"iOS8.1\",\"qiniu_bucket\":\"onemin\",\"macAddr\":\"0:0:0:0\",\"model\":\"iPhoneSimulator\",\"method\":\"get_token\"}','2014-12-27 02:00:57'),(128,'{\"imsi\":\"00000000\",\"version\":\"1.0.0\",\"sim\":\"10000000000\",\"channel\":\"1001\",\"ipAddr\":\"0.0.0.0\",\"imei\":\"41879E4E-A881-4849-9828-379765FD2F9F\",\"service\":\"qiniu\",\"platform\":\"iOS8.1\",\"qiniu_bucket\":\"onemin\",\"macAddr\":\"0:0:0:0\",\"model\":\"iPhoneSimulator\",\"method\":\"get_token\"}','2014-12-27 02:03:50'),(129,'{\"imsi\":\"00000000\",\"version\":\"1.0.0\",\"sim\":\"10000000000\",\"channel\":\"1001\",\"ipAddr\":\"0.0.0.0\",\"imei\":\"D4234FF4-E8BF-40C7-B4C0-60958242B1E6\",\"service\":\"qiniu\",\"platform\":\"iOS8.1.1\",\"qiniu_bucket\":\"onemin\",\"macAddr\":\"0:0:0:0\",\"model\":\"iPad\",\"method\":\"get_token\"}','2014-12-27 02:05:15'),(130,'{\"imsi\":\"00000000\",\"version\":\"1.0.0\",\"sim\":\"10000000000\",\"channel\":\"1001\",\"ipAddr\":\"0.0.0.0\",\"imei\":\"D4234FF4-E8BF-40C7-B4C0-60958242B1E6\",\"service\":\"qiniu\",\"platform\":\"iOS8.1.1\",\"qiniu_bucket\":\"onemin\",\"macAddr\":\"0:0:0:0\",\"model\":\"iPad\",\"method\":\"get_token\"}','2014-12-27 02:10:25'),(131,'{\"imsi\":\"00000000\",\"version\":\"1.0.0\",\"sim\":\"10000000000\",\"channel\":\"1001\",\"ipAddr\":\"0.0.0.0\",\"imei\":\"D4234FF4-E8BF-40C7-B4C0-60958242B1E6\",\"service\":\"qiniu\",\"platform\":\"iOS8.1.1\",\"qiniu_bucket\":\"onemin\",\"macAddr\":\"0:0:0:0\",\"model\":\"iPad\",\"method\":\"get_token\"}','2014-12-27 02:11:03'),(132,'{\"method\":\"get_token\",\"ipAddr\":\"0.0.0.0\",\"sim\":\"10000000000\",\"platform\":\"iOS8.1.2\",\"imei\":\"AF62DF46-6F78-4C31-A0D3-F94108507268\",\"version\":\"1.0.0\",\"service\":\"qiniu\",\"macAddr\":\"0:0:0:0\",\"model\":\"iPhone\",\"qiniu_bucket\":\"onemin\",\"imsi\":\"00000000\",\"channel\":\"1001\"}','2014-12-27 02:12:19'),(133,'{\"method\":\"get_token\",\"ipAddr\":\"0.0.0.0\",\"sim\":\"10000000000\",\"platform\":\"iOS8.1.2\",\"imei\":\"AF62DF46-6F78-4C31-A0D3-F94108507268\",\"version\":\"1.0.0\",\"service\":\"qiniu\",\"macAddr\":\"0:0:0:0\",\"model\":\"iPhone\",\"qiniu_bucket\":\"onemin\",\"imsi\":\"00000000\",\"channel\":\"1001\"}','2014-12-27 02:14:26'),(134,'{\"method\":\"get_token\",\"ipAddr\":\"0.0.0.0\",\"sim\":\"10000000000\",\"platform\":\"iOS8.1.2\",\"imei\":\"AF62DF46-6F78-4C31-A0D3-F94108507268\",\"version\":\"1.0.0\",\"service\":\"qiniu\",\"macAddr\":\"0:0:0:0\",\"model\":\"iPhone\",\"qiniu_bucket\":\"onemin\",\"imsi\":\"00000000\",\"channel\":\"1001\"}','2014-12-27 02:20:17'),(135,'{\"method\":\"get_token\",\"ipAddr\":\"0.0.0.0\",\"sim\":\"10000000000\",\"platform\":\"iOS8.1.2\",\"imei\":\"AF62DF46-6F78-4C31-A0D3-F94108507268\",\"version\":\"1.0.0\",\"service\":\"qiniu\",\"macAddr\":\"0:0:0:0\",\"model\":\"iPhone\",\"qiniu_bucket\":\"onemin\",\"imsi\":\"00000000\",\"channel\":\"1001\"}','2014-12-27 02:20:48'),(136,'{\"method\":\"get_token\",\"ipAddr\":\"0.0.0.0\",\"sim\":\"10000000000\",\"platform\":\"iOS8.1.2\",\"imei\":\"AF62DF46-6F78-4C31-A0D3-F94108507268\",\"version\":\"1.0.0\",\"service\":\"qiniu\",\"macAddr\":\"0:0:0:0\",\"model\":\"iPhone\",\"qiniu_bucket\":\"onemin\",\"imsi\":\"00000000\",\"channel\":\"1001\"}','2014-12-27 02:21:38'),(137,'{\"method\":\"get_token\",\"ipAddr\":\"0.0.0.0\",\"sim\":\"10000000000\",\"platform\":\"iOS8.1.2\",\"imei\":\"AF62DF46-6F78-4C31-A0D3-F94108507268\",\"version\":\"1.0.0\",\"service\":\"qiniu\",\"macAddr\":\"0:0:0:0\",\"model\":\"iPhone\",\"qiniu_bucket\":\"onemin\",\"imsi\":\"00000000\",\"channel\":\"1001\"}','2014-12-27 02:22:42'),(138,'{\"method\":\"get_token\",\"ipAddr\":\"0.0.0.0\",\"sim\":\"10000000000\",\"platform\":\"iOS8.1.2\",\"imei\":\"AF62DF46-6F78-4C31-A0D3-F94108507268\",\"version\":\"1.0.0\",\"service\":\"qiniu\",\"macAddr\":\"0:0:0:0\",\"model\":\"iPhone\",\"qiniu_bucket\":\"onemin\",\"imsi\":\"00000000\",\"channel\":\"1001\"}','2014-12-27 02:23:05'),(139,'{\"method\":\"get_token\",\"ipAddr\":\"0.0.0.0\",\"sim\":\"10000000000\",\"platform\":\"iOS8.1.2\",\"imei\":\"AF62DF46-6F78-4C31-A0D3-F94108507268\",\"version\":\"1.0.0\",\"service\":\"qiniu\",\"macAddr\":\"0:0:0:0\",\"model\":\"iPhone\",\"qiniu_bucket\":\"onemin\",\"imsi\":\"00000000\",\"channel\":\"1001\"}','2014-12-27 02:25:31'),(140,'{\"method\":\"login\",\"ipAddr\":\"0.0.0.0\",\"username\":\"15652291050\",\"sim\":\"10000000000\",\"password\":\"hjjhhjj\",\"platform\":\"iOS8.1.2\",\"imei\":\"AF62DF46-6F78-4C31-A0D3-F94108507268\",\"version\":\"1.0.0\",\"service\":\"member\",\"macAddr\":\"0:0:0:0\",\"model\":\"iPhone\",\"imsi\":\"00000000\",\"channel\":\"1001\"}','2014-12-27 02:28:33'),(141,'{\"method\":\"login\",\"ipAddr\":\"0.0.0.0\",\"username\":\"15652291050\",\"sim\":\"10000000000\",\"password\":\"hjjhhjj\",\"platform\":\"iOS8.1.2\",\"imei\":\"AF62DF46-6F78-4C31-A0D3-F94108507268\",\"version\":\"1.0.0\",\"service\":\"member\",\"macAddr\":\"0:0:0:0\",\"model\":\"iPhone\",\"imsi\":\"00000000\",\"channel\":\"1001\"}','2014-12-27 02:28:37'),(142,'{\"method\":\"login\",\"ipAddr\":\"0.0.0.0\",\"username\":\"15111111111\",\"sim\":\"10000000000\",\"password\":\"111111\",\"platform\":\"iOS8.1.2\",\"imei\":\"AF62DF46-6F78-4C31-A0D3-F94108507268\",\"version\":\"1.0.0\",\"service\":\"member\",\"macAddr\":\"0:0:0:0\",\"model\":\"iPhone\",\"imsi\":\"00000000\",\"channel\":\"1001\"}','2014-12-27 02:28:51'),(143,'{\"method\":\"get_token\",\"ipAddr\":\"0.0.0.0\",\"sim\":\"10000000000\",\"platform\":\"iOS8.1.2\",\"imei\":\"AF62DF46-6F78-4C31-A0D3-F94108507268\",\"version\":\"1.0.0\",\"service\":\"qiniu\",\"macAddr\":\"0:0:0:0\",\"model\":\"iPhone\",\"qiniu_bucket\":\"onemin\",\"imsi\":\"00000000\",\"channel\":\"1001\"}','2014-12-27 02:52:46'),(144,'{\"imsi\":\"00000000\",\"version\":\"1.0.0\",\"sim\":\"10000000000\",\"channel\":\"1001\",\"ipAddr\":\"0.0.0.0\",\"imei\":\"41879E4E-A881-4849-9828-379765FD2F9F\",\"service\":\"qiniu\",\"platform\":\"iOS8.1\",\"qiniu_bucket\":\"onemin\",\"macAddr\":\"0:0:0:0\",\"model\":\"iPhoneSimulator\",\"method\":\"get_token\"}','2014-12-27 03:09:39'),(145,'{\"imsi\":\"00000000\",\"version\":\"1.0.0\",\"sim\":\"10000000000\",\"channel\":\"1001\",\"ipAddr\":\"0.0.0.0\",\"imei\":\"41879E4E-A881-4849-9828-379765FD2F9F\",\"service\":\"qiniu\",\"platform\":\"iOS8.1\",\"qiniu_bucket\":\"onemin\",\"macAddr\":\"0:0:0:0\",\"model\":\"iPhoneSimulator\",\"method\":\"get_token\"}','2014-12-27 03:10:33'),(146,'{\"imsi\":\"00000000\",\"version\":\"1.0.0\",\"sim\":\"10000000000\",\"channel\":\"1001\",\"ipAddr\":\"0.0.0.0\",\"imei\":\"41879E4E-A881-4849-9828-379765FD2F9F\",\"service\":\"qiniu\",\"platform\":\"iOS8.1\",\"qiniu_bucket\":\"onemin\",\"macAddr\":\"0:0:0:0\",\"model\":\"iPhoneSimulator\",\"method\":\"get_token\"}','2014-12-27 03:13:16'),(147,'{\"imsi\":\"00000000\",\"version\":\"1.0.0\",\"sim\":\"10000000000\",\"channel\":\"1001\",\"ipAddr\":\"0.0.0.0\",\"imei\":\"41879E4E-A881-4849-9828-379765FD2F9F\",\"service\":\"qiniu\",\"platform\":\"iOS8.1\",\"qiniu_bucket\":\"onemin\",\"macAddr\":\"0:0:0:0\",\"model\":\"iPhoneSimulator\",\"method\":\"get_token\"}','2014-12-27 03:14:36'),(148,'{\"imsi\":\"00000000\",\"version\":\"1.0.0\",\"sim\":\"10000000000\",\"channel\":\"1001\",\"ipAddr\":\"0.0.0.0\",\"imei\":\"41879E4E-A881-4849-9828-379765FD2F9F\",\"service\":\"qiniu\",\"platform\":\"iOS8.1\",\"qiniu_bucket\":\"onemin\",\"macAddr\":\"0:0:0:0\",\"model\":\"iPhoneSimulator\",\"method\":\"get_token\"}','2014-12-27 03:15:58'),(149,'{\"imsi\":\"00000000\",\"version\":\"1.0.0\",\"sim\":\"10000000000\",\"channel\":\"1001\",\"ipAddr\":\"0.0.0.0\",\"imei\":\"41879E4E-A881-4849-9828-379765FD2F9F\",\"service\":\"qiniu\",\"platform\":\"iOS8.1\",\"qiniu_bucket\":\"onemin\",\"macAddr\":\"0:0:0:0\",\"model\":\"iPhoneSimulator\",\"method\":\"get_token\"}','2014-12-27 03:22:45'),(150,'{\"imsi\":\"00000000\",\"version\":\"1.0.0\",\"sim\":\"10000000000\",\"channel\":\"1001\",\"ipAddr\":\"0.0.0.0\",\"imei\":\"41879E4E-A881-4849-9828-379765FD2F9F\",\"service\":\"qiniu\",\"platform\":\"iOS8.1\",\"qiniu_bucket\":\"onemin\",\"macAddr\":\"0:0:0:0\",\"model\":\"iPhoneSimulator\",\"method\":\"get_token\"}','2014-12-27 03:24:07'),(151,'{\"imsi\":\"00000000\",\"version\":\"1.0.0\",\"sim\":\"10000000000\",\"channel\":\"1001\",\"ipAddr\":\"0.0.0.0\",\"imei\":\"41879E4E-A881-4849-9828-379765FD2F9F\",\"service\":\"qiniu\",\"platform\":\"iOS8.1\",\"qiniu_bucket\":\"onemin\",\"macAddr\":\"0:0:0:0\",\"model\":\"iPhoneSimulator\",\"method\":\"get_token\"}','2014-12-27 03:24:57'),(152,'{\"imsi\":\"00000000\",\"version\":\"1.0.0\",\"sim\":\"10000000000\",\"channel\":\"1001\",\"ipAddr\":\"0.0.0.0\",\"imei\":\"41879E4E-A881-4849-9828-379765FD2F9F\",\"service\":\"qiniu\",\"platform\":\"iOS8.1\",\"qiniu_bucket\":\"onemin\",\"macAddr\":\"0:0:0:0\",\"model\":\"iPhoneSimulator\",\"method\":\"get_token\"}','2014-12-27 03:26:03'),(153,'{\"imsi\":\"00000000\",\"version\":\"1.0.0\",\"sim\":\"10000000000\",\"channel\":\"1001\",\"ipAddr\":\"0.0.0.0\",\"imei\":\"41879E4E-A881-4849-9828-379765FD2F9F\",\"service\":\"qiniu\",\"platform\":\"iOS8.1\",\"qiniu_bucket\":\"onemin\",\"macAddr\":\"0:0:0:0\",\"model\":\"iPhoneSimulator\",\"method\":\"get_token\"}','2014-12-27 03:26:33'),(154,'{\"imsi\":\"00000000\",\"version\":\"1.0.0\",\"sim\":\"10000000000\",\"channel\":\"1001\",\"ipAddr\":\"0.0.0.0\",\"imei\":\"41879E4E-A881-4849-9828-379765FD2F9F\",\"service\":\"qiniu\",\"platform\":\"iOS8.1\",\"qiniu_bucket\":\"onemin\",\"macAddr\":\"0:0:0:0\",\"model\":\"iPhoneSimulator\",\"method\":\"get_token\"}','2014-12-27 03:26:59'),(155,'{\"imsi\":\"00000000\",\"version\":\"1.0.0\",\"sim\":\"10000000000\",\"channel\":\"1001\",\"ipAddr\":\"0.0.0.0\",\"imei\":\"41879E4E-A881-4849-9828-379765FD2F9F\",\"service\":\"qiniu\",\"platform\":\"iOS8.1\",\"qiniu_bucket\":\"onemin\",\"macAddr\":\"0:0:0:0\",\"model\":\"iPhoneSimulator\",\"method\":\"get_token\"}','2014-12-27 03:27:45'),(156,'{\"imsi\":\"00000000\",\"version\":\"1.0.0\",\"sim\":\"10000000000\",\"channel\":\"1001\",\"ipAddr\":\"0.0.0.0\",\"imei\":\"41879E4E-A881-4849-9828-379765FD2F9F\",\"service\":\"qiniu\",\"platform\":\"iOS8.1\",\"qiniu_bucket\":\"onemin\",\"macAddr\":\"0:0:0:0\",\"model\":\"iPhoneSimulator\",\"method\":\"get_token\"}','2014-12-27 03:32:57'),(157,'{\"imsi\":\"00000000\",\"version\":\"1.0.0\",\"sim\":\"10000000000\",\"channel\":\"1001\",\"ipAddr\":\"0.0.0.0\",\"imei\":\"41879E4E-A881-4849-9828-379765FD2F9F\",\"service\":\"qiniu\",\"platform\":\"iOS8.1\",\"qiniu_bucket\":\"onemin\",\"macAddr\":\"0:0:0:0\",\"model\":\"iPhoneSimulator\",\"method\":\"get_token\"}','2014-12-27 03:33:24'),(158,'{\"imsi\":\"00000000\",\"version\":\"1.0.0\",\"sim\":\"10000000000\",\"channel\":\"1001\",\"ipAddr\":\"0.0.0.0\",\"imei\":\"41879E4E-A881-4849-9828-379765FD2F9F\",\"service\":\"qiniu\",\"platform\":\"iOS8.1\",\"qiniu_bucket\":\"onemin\",\"macAddr\":\"0:0:0:0\",\"model\":\"iPhoneSimulator\",\"method\":\"get_token\"}','2014-12-27 03:33:44'),(159,'{\"imsi\":\"00000000\",\"version\":\"1.0.0\",\"sim\":\"10000000000\",\"channel\":\"1001\",\"ipAddr\":\"0.0.0.0\",\"imei\":\"41879E4E-A881-4849-9828-379765FD2F9F\",\"service\":\"qiniu\",\"platform\":\"iOS8.1\",\"qiniu_bucket\":\"onemin\",\"macAddr\":\"0:0:0:0\",\"model\":\"iPhoneSimulator\",\"method\":\"get_token\"}','2014-12-27 03:34:07'),(160,'{\"imsi\":\"00000000\",\"version\":\"1.0.0\",\"sim\":\"10000000000\",\"channel\":\"1001\",\"ipAddr\":\"0.0.0.0\",\"imei\":\"41879E4E-A881-4849-9828-379765FD2F9F\",\"service\":\"qiniu\",\"platform\":\"iOS8.1\",\"qiniu_bucket\":\"onemin\",\"macAddr\":\"0:0:0:0\",\"model\":\"iPhoneSimulator\",\"method\":\"get_token\"}','2014-12-27 03:40:51'),(161,'{\"imsi\":\"00000000\",\"version\":\"1.0.0\",\"sim\":\"10000000000\",\"channel\":\"1001\",\"ipAddr\":\"0.0.0.0\",\"imei\":\"41879E4E-A881-4849-9828-379765FD2F9F\",\"service\":\"qiniu\",\"platform\":\"iOS8.1\",\"qiniu_bucket\":\"onemin\",\"macAddr\":\"0:0:0:0\",\"model\":\"iPhoneSimulator\",\"method\":\"get_token\"}','2014-12-27 03:43:14'),(162,'{\"imsi\":\"00000000\",\"version\":\"1.0.0\",\"sim\":\"10000000000\",\"channel\":\"1001\",\"ipAddr\":\"0.0.0.0\",\"imei\":\"41879E4E-A881-4849-9828-379765FD2F9F\",\"service\":\"qiniu\",\"platform\":\"iOS8.1\",\"qiniu_bucket\":\"onemin\",\"macAddr\":\"0:0:0:0\",\"model\":\"iPhoneSimulator\",\"method\":\"get_token\"}','2014-12-27 03:43:39'),(163,'{\"imsi\":\"00000000\",\"version\":\"1.0.0\",\"sim\":\"10000000000\",\"channel\":\"1001\",\"ipAddr\":\"0.0.0.0\",\"imei\":\"41879E4E-A881-4849-9828-379765FD2F9F\",\"service\":\"qiniu\",\"platform\":\"iOS8.1\",\"qiniu_bucket\":\"onemin\",\"macAddr\":\"0:0:0:0\",\"model\":\"iPhoneSimulator\",\"method\":\"get_token\"}','2014-12-27 03:44:19'),(164,'{\"imsi\":\"00000000\",\"version\":\"1.0.0\",\"sim\":\"10000000000\",\"channel\":\"1001\",\"ipAddr\":\"0.0.0.0\",\"imei\":\"41879E4E-A881-4849-9828-379765FD2F9F\",\"service\":\"qiniu\",\"platform\":\"iOS8.1\",\"qiniu_bucket\":\"onemin\",\"macAddr\":\"0:0:0:0\",\"model\":\"iPhoneSimulator\",\"method\":\"get_token\"}','2014-12-27 03:45:06'),(165,'{\"imsi\":\"00000000\",\"version\":\"1.0.0\",\"sim\":\"10000000000\",\"channel\":\"1001\",\"ipAddr\":\"0.0.0.0\",\"imei\":\"41879E4E-A881-4849-9828-379765FD2F9F\",\"service\":\"qiniu\",\"platform\":\"iOS8.1\",\"qiniu_bucket\":\"onemin\",\"macAddr\":\"0:0:0:0\",\"model\":\"iPhoneSimulator\",\"method\":\"get_token\"}','2014-12-27 03:51:02'),(166,'{\"imsi\":\"00000000\",\"version\":\"1.0.0\",\"sim\":\"10000000000\",\"channel\":\"1001\",\"ipAddr\":\"0.0.0.0\",\"imei\":\"41879E4E-A881-4849-9828-379765FD2F9F\",\"service\":\"qiniu\",\"platform\":\"iOS8.1\",\"qiniu_bucket\":\"onemin\",\"macAddr\":\"0:0:0:0\",\"model\":\"iPhoneSimulator\",\"method\":\"get_token\"}','2014-12-27 03:51:47'),(167,'{\"imsi\":\"00000000\",\"version\":\"1.0.0\",\"sim\":\"10000000000\",\"channel\":\"1001\",\"ipAddr\":\"0.0.0.0\",\"imei\":\"41879E4E-A881-4849-9828-379765FD2F9F\",\"service\":\"qiniu\",\"platform\":\"iOS8.1\",\"qiniu_bucket\":\"onemin\",\"macAddr\":\"0:0:0:0\",\"model\":\"iPhoneSimulator\",\"method\":\"get_token\"}','2014-12-27 03:53:32'),(168,'{\"imsi\":\"00000000\",\"version\":\"1.0.0\",\"sim\":\"10000000000\",\"channel\":\"1001\",\"ipAddr\":\"0.0.0.0\",\"imei\":\"41879E4E-A881-4849-9828-379765FD2F9F\",\"service\":\"qiniu\",\"platform\":\"iOS8.1\",\"qiniu_bucket\":\"onemin\",\"macAddr\":\"0:0:0:0\",\"model\":\"iPhoneSimulator\",\"method\":\"get_token\"}','2014-12-27 03:58:08'),(169,'{\"imsi\":\"00000000\",\"version\":\"1.0.0\",\"sim\":\"10000000000\",\"channel\":\"1001\",\"ipAddr\":\"0.0.0.0\",\"imei\":\"41879E4E-A881-4849-9828-379765FD2F9F\",\"service\":\"qiniu\",\"platform\":\"iOS8.1\",\"qiniu_bucket\":\"onemin\",\"macAddr\":\"0:0:0:0\",\"model\":\"iPhoneSimulator\",\"method\":\"get_token\"}','2014-12-27 03:58:31'),(170,'{\"imsi\":\"00000000\",\"version\":\"1.0.0\",\"sim\":\"10000000000\",\"channel\":\"1001\",\"ipAddr\":\"0.0.0.0\",\"imei\":\"41879E4E-A881-4849-9828-379765FD2F9F\",\"service\":\"qiniu\",\"platform\":\"iOS8.1\",\"qiniu_bucket\":\"onemin\",\"macAddr\":\"0:0:0:0\",\"model\":\"iPhoneSimulator\",\"method\":\"get_token\"}','2014-12-27 03:58:58'),(171,'{\"imsi\":\"00000000\",\"version\":\"1.0.0\",\"sim\":\"10000000000\",\"channel\":\"1001\",\"ipAddr\":\"0.0.0.0\",\"imei\":\"41879E4E-A881-4849-9828-379765FD2F9F\",\"service\":\"qiniu\",\"platform\":\"iOS8.1\",\"qiniu_bucket\":\"onemin\",\"macAddr\":\"0:0:0:0\",\"model\":\"iPhoneSimulator\",\"method\":\"get_token\"}','2014-12-27 03:59:27'),(172,'{\"imsi\":\"00000000\",\"version\":\"1.0.0\",\"sim\":\"10000000000\",\"channel\":\"1001\",\"ipAddr\":\"0.0.0.0\",\"imei\":\"41879E4E-A881-4849-9828-379765FD2F9F\",\"service\":\"qiniu\",\"platform\":\"iOS8.1\",\"qiniu_bucket\":\"onemin\",\"macAddr\":\"0:0:0:0\",\"model\":\"iPhoneSimulator\",\"method\":\"get_token\"}','2014-12-27 04:00:30'),(173,'{\"imsi\":\"00000000\",\"version\":\"1.0.0\",\"sim\":\"10000000000\",\"channel\":\"1001\",\"ipAddr\":\"0.0.0.0\",\"imei\":\"41879E4E-A881-4849-9828-379765FD2F9F\",\"service\":\"qiniu\",\"platform\":\"iOS8.1\",\"qiniu_bucket\":\"onemin\",\"macAddr\":\"0:0:0:0\",\"model\":\"iPhoneSimulator\",\"method\":\"get_token\"}','2014-12-27 04:01:51'),(174,'{\"method\":\"get_token\",\"ipAddr\":\"0.0.0.0\",\"sim\":\"10000000000\",\"platform\":\"iOS8.1.2\",\"imei\":\"AF62DF46-6F78-4C31-A0D3-F94108507268\",\"version\":\"1.0.0\",\"service\":\"qiniu\",\"macAddr\":\"0:0:0:0\",\"model\":\"iPhone\",\"qiniu_bucket\":\"onemin\",\"imsi\":\"00000000\",\"channel\":\"1001\"}','2014-12-27 04:02:43'),(175,'{\"method\":\"get_token\",\"ipAddr\":\"0.0.0.0\",\"sim\":\"10000000000\",\"platform\":\"iOS8.1.2\",\"imei\":\"AF62DF46-6F78-4C31-A0D3-F94108507268\",\"version\":\"1.0.0\",\"service\":\"qiniu\",\"macAddr\":\"0:0:0:0\",\"model\":\"iPhone\",\"qiniu_bucket\":\"onemin\",\"imsi\":\"00000000\",\"channel\":\"1001\"}','2014-12-27 04:05:31'),(176,'{\"method\":\"get_token\",\"ipAddr\":\"0.0.0.0\",\"sim\":\"10000000000\",\"platform\":\"iOS8.1.2\",\"imei\":\"AF62DF46-6F78-4C31-A0D3-F94108507268\",\"version\":\"1.0.0\",\"service\":\"qiniu\",\"macAddr\":\"0:0:0:0\",\"model\":\"iPhone\",\"qiniu_bucket\":\"onemin\",\"imsi\":\"00000000\",\"channel\":\"1001\"}','2014-12-27 04:13:45'),(177,'{\"method\":\"get_token\",\"ipAddr\":\"0.0.0.0\",\"sim\":\"10000000000\",\"platform\":\"iOS8.1.2\",\"imei\":\"AF62DF46-6F78-4C31-A0D3-F94108507268\",\"version\":\"1.0.0\",\"service\":\"qiniu\",\"macAddr\":\"0:0:0:0\",\"model\":\"iPhone\",\"qiniu_bucket\":\"onemin\",\"imsi\":\"00000000\",\"channel\":\"1001\"}','2014-12-27 04:19:40'),(178,'{\"method\":\"get_token\",\"ipAddr\":\"0.0.0.0\",\"sim\":\"10000000000\",\"platform\":\"iOS8.1.2\",\"imei\":\"AF62DF46-6F78-4C31-A0D3-F94108507268\",\"version\":\"1.0.0\",\"service\":\"qiniu\",\"macAddr\":\"0:0:0:0\",\"model\":\"iPhone\",\"qiniu_bucket\":\"onemin\",\"imsi\":\"00000000\",\"channel\":\"1001\"}','2014-12-27 04:22:26'),(179,'{\"method\":\"get_token\",\"ipAddr\":\"0.0.0.0\",\"sim\":\"10000000000\",\"platform\":\"iOS8.1.2\",\"imei\":\"AF62DF46-6F78-4C31-A0D3-F94108507268\",\"version\":\"1.0.0\",\"service\":\"qiniu\",\"macAddr\":\"0:0:0:0\",\"model\":\"iPhone\",\"qiniu_bucket\":\"onemin\",\"imsi\":\"00000000\",\"channel\":\"1001\"}','2014-12-27 04:22:53'),(180,'{\"method\":\"get_token\",\"ipAddr\":\"0.0.0.0\",\"sim\":\"10000000000\",\"platform\":\"iOS8.1.2\",\"imei\":\"AF62DF46-6F78-4C31-A0D3-F94108507268\",\"version\":\"1.0.0\",\"service\":\"qiniu\",\"macAddr\":\"0:0:0:0\",\"model\":\"iPhone\",\"qiniu_bucket\":\"onemin\",\"imsi\":\"00000000\",\"channel\":\"1001\"}','2014-12-27 04:25:48'),(181,'{\"method\":\"get_token\",\"ipAddr\":\"0.0.0.0\",\"sim\":\"10000000000\",\"platform\":\"iOS8.1.2\",\"imei\":\"AF62DF46-6F78-4C31-A0D3-F94108507268\",\"version\":\"1.0.0\",\"service\":\"qiniu\",\"macAddr\":\"0:0:0:0\",\"model\":\"iPhone\",\"qiniu_bucket\":\"onemin\",\"imsi\":\"00000000\",\"channel\":\"1001\"}','2014-12-27 06:22:57'),(182,'{\"method\":\"login\",\"ipAddr\":\"0.0.0.0\",\"username\":\"15165333394\",\"sim\":\"10000000000\",\"password\":\"hbjjjj\",\"platform\":\"iOS8.1.2\",\"imei\":\"AF62DF46-6F78-4C31-A0D3-F94108507268\",\"version\":\"1.0.0\",\"service\":\"member\",\"macAddr\":\"0:0:0:0\",\"model\":\"iPhone\",\"imsi\":\"00000000\",\"channel\":\"1001\"}','2014-12-27 06:36:04'),(183,'{\"method\":\"login\",\"ipAddr\":\"0.0.0.0\",\"username\":\"15165333394\",\"sim\":\"10000000000\",\"password\":\"hbjjjj\",\"platform\":\"iOS8.1.2\",\"imei\":\"AF62DF46-6F78-4C31-A0D3-F94108507268\",\"version\":\"1.0.0\",\"service\":\"member\",\"macAddr\":\"0:0:0:0\",\"model\":\"iPhone\",\"imsi\":\"00000000\",\"channel\":\"1001\"}','2014-12-27 06:36:07'),(184,'{\"method\":\"login\",\"ipAddr\":\"0.0.0.0\",\"username\":\"15165333394\",\"sim\":\"10000000000\",\"password\":\"hbjjjj\",\"platform\":\"iOS8.1.2\",\"imei\":\"AF62DF46-6F78-4C31-A0D3-F94108507268\",\"version\":\"1.0.0\",\"service\":\"member\",\"macAddr\":\"0:0:0:0\",\"model\":\"iPhone\",\"imsi\":\"00000000\",\"channel\":\"1001\"}','2014-12-27 06:36:12'),(185,'{\"method\":\"login\",\"ipAddr\":\"0.0.0.0\",\"username\":\"15165333394\",\"sim\":\"10000000000\",\"password\":\"hbjjjj\",\"platform\":\"iOS8.1.2\",\"imei\":\"AF62DF46-6F78-4C31-A0D3-F94108507268\",\"version\":\"1.0.0\",\"service\":\"member\",\"macAddr\":\"0:0:0:0\",\"model\":\"iPhone\",\"imsi\":\"00000000\",\"channel\":\"1001\"}','2014-12-27 06:36:15'),(186,'{\"method\":\"login\",\"ipAddr\":\"0.0.0.0\",\"username\":\"15165333394\",\"sim\":\"10000000000\",\"password\":\"hbjjjj\",\"platform\":\"iOS8.1.2\",\"imei\":\"AF62DF46-6F78-4C31-A0D3-F94108507268\",\"version\":\"1.0.0\",\"service\":\"member\",\"macAddr\":\"0:0:0:0\",\"model\":\"iPhone\",\"imsi\":\"00000000\",\"channel\":\"1001\"}','2014-12-27 06:36:18'),(187,'{\"method\":\"login\",\"ipAddr\":\"0.0.0.0\",\"username\":\"15165333394\",\"sim\":\"10000000000\",\"password\":\"hbjjjj\",\"platform\":\"iOS8.1.2\",\"imei\":\"AF62DF46-6F78-4C31-A0D3-F94108507268\",\"version\":\"1.0.0\",\"service\":\"member\",\"macAddr\":\"0:0:0:0\",\"model\":\"iPhone\",\"imsi\":\"00000000\",\"channel\":\"1001\"}','2014-12-27 07:12:48'),(188,'{\"method\":\"get_token\",\"ipAddr\":\"0.0.0.0\",\"sim\":\"10000000000\",\"platform\":\"iOS8.1.2\",\"imei\":\"AF62DF46-6F78-4C31-A0D3-F94108507268\",\"version\":\"1.0.0\",\"service\":\"qiniu\",\"macAddr\":\"0:0:0:0\",\"model\":\"iPhone\",\"qiniu_bucket\":\"onemin\",\"imsi\":\"00000000\",\"channel\":\"1001\"}','2014-12-27 10:13:01'),(189,'{\"method\":\"get_token\",\"ipAddr\":\"0.0.0.0\",\"sim\":\"10000000000\",\"platform\":\"iOS8.1.2\",\"imei\":\"AF62DF46-6F78-4C31-A0D3-F94108507268\",\"version\":\"1.0.0\",\"service\":\"qiniu\",\"macAddr\":\"0:0:0:0\",\"model\":\"iPhone\",\"qiniu_bucket\":\"onemin\",\"imsi\":\"00000000\",\"channel\":\"1001\"}','2014-12-28 00:41:59'),(190,'{\"imsi\":\"00000000\",\"version\":\"1.0.0\",\"sim\":\"10000000000\",\"channel\":\"1001\",\"ipAddr\":\"0.0.0.0\",\"imei\":\"41879E4E-A881-4849-9828-379765FD2F9F\",\"service\":\"qiniu\",\"platform\":\"iOS8.1\",\"qiniu_bucket\":\"onemin\",\"macAddr\":\"0:0:0:0\",\"model\":\"iPhoneSimulator\",\"method\":\"get_token\"}','2014-12-28 08:10:22'),(191,'{\"imsi\":\"00000000\",\"version\":\"1.0.0\",\"sim\":\"10000000000\",\"channel\":\"1001\",\"ipAddr\":\"0.0.0.0\",\"imei\":\"41879E4E-A881-4849-9828-379765FD2F9F\",\"service\":\"qiniu\",\"platform\":\"iOS8.1\",\"qiniu_bucket\":\"onemin\",\"macAddr\":\"0:0:0:0\",\"model\":\"iPhoneSimulator\",\"method\":\"get_token\"}','2014-12-28 08:13:29'),(192,'{\"imsi\":\"00000000\",\"version\":\"1.0.0\",\"sim\":\"10000000000\",\"channel\":\"1001\",\"ipAddr\":\"0.0.0.0\",\"imei\":\"41879E4E-A881-4849-9828-379765FD2F9F\",\"service\":\"qiniu\",\"platform\":\"iOS8.1\",\"qiniu_bucket\":\"onemin\",\"macAddr\":\"0:0:0:0\",\"model\":\"iPhoneSimulator\",\"method\":\"get_token\"}','2014-12-28 08:15:10'),(193,'{\"imsi\":\"00000000\",\"version\":\"1.0.0\",\"sim\":\"10000000000\",\"channel\":\"1001\",\"ipAddr\":\"0.0.0.0\",\"imei\":\"41879E4E-A881-4849-9828-379765FD2F9F\",\"service\":\"member\",\"platform\":\"iOS8.1\",\"username\":\"18599663322\",\"macAddr\":\"0:0:0:0\",\"model\":\"iPhoneSimulator\",\"method\":\"check_username\"}','2014-12-28 08:15:58'),(194,'{\"imsi\":\"00000000\",\"version\":\"1.0.0\",\"sim\":\"10000000000\",\"channel\":\"1001\",\"ipAddr\":\"0.0.0.0\",\"imei\":\"41879E4E-A881-4849-9828-379765FD2F9F\",\"service\":\"member\",\"platform\":\"iOS8.1\",\"username\":\"18599663322\",\"macAddr\":\"0:0:0:0\",\"password\":\"111111\",\"model\":\"iPhoneSimulator\",\"method\":\"signup\"}','2014-12-28 08:16:04'),(195,'{\"imsi\":\"00000000\",\"version\":\"1.0.0\",\"sim\":\"10000000000\",\"channel\":\"1001\",\"avatar\":\"http:\\/\\/onemin.qiniudn.com\\/img\\/avatar\\/20141228\\/204C9BE1564E4C1582032A11A720F143.jpg\",\"ipAddr\":\"0.0.0.0\",\"imei\":\"41879E4E-A881-4849-9828-379765FD2F9F\",\"service\":\"member\",\"platform\":\"iOS8.1\",\"token\":\"C8E927B352CAC8389CC0877D12EB7D40DAC78C97\",\"macAddr\":\"0:0:0:0\",\"birthday\":\"1419754576\",\"model\":\"iPhoneSimulator\",\"nickname\":\"Vvvvvvvv\",\"method\":\"update\"}','2014-12-28 08:16:19'),(196,'{\"imsi\":\"00000000\",\"version\":\"1.0.0\",\"sim\":\"10000000000\",\"channel\":\"1001\",\"ipAddr\":\"0.0.0.0\",\"imei\":\"41879E4E-A881-4849-9828-379765FD2F9F\",\"service\":\"qiniu\",\"platform\":\"iOS8.1\",\"qiniu_bucket\":\"onemin\",\"macAddr\":\"0:0:0:0\",\"model\":\"iPhoneSimulator\",\"method\":\"get_token\"}','2014-12-28 08:17:11'),(197,'{\"method\":\"get_token\",\"ipAddr\":\"0.0.0.0\",\"sim\":\"10000000000\",\"platform\":\"iOS8.1.2\",\"imei\":\"AF62DF46-6F78-4C31-A0D3-F94108507268\",\"version\":\"1.0.0\",\"service\":\"qiniu\",\"macAddr\":\"0:0:0:0\",\"model\":\"iPhone\",\"qiniu_bucket\":\"onemin\",\"imsi\":\"00000000\",\"channel\":\"1001\"}','2014-12-28 09:12:37'),(198,'{\"method\":\"get_token\",\"ipAddr\":\"0.0.0.0\",\"sim\":\"10000000000\",\"platform\":\"iOS8.1.2\",\"imei\":\"AF62DF46-6F78-4C31-A0D3-F94108507268\",\"version\":\"1.0.0\",\"service\":\"qiniu\",\"macAddr\":\"0:0:0:0\",\"model\":\"iPhone\",\"qiniu_bucket\":\"onemin\",\"imsi\":\"00000000\",\"channel\":\"1001\"}','2014-12-28 23:37:47'),(199,'{\"imsi\":\"00000000\",\"version\":\"1.0.0\",\"sim\":\"10000000000\",\"channel\":\"1001\",\"ipAddr\":\"0.0.0.0\",\"imei\":\"826DC252-19FD-466C-8F53-7B388B634C57\",\"service\":\"qiniu\",\"platform\":\"iOS8.1\",\"qiniu_bucket\":\"onemin\",\"macAddr\":\"0:0:0:0\",\"model\":\"iPhoneSimulator\",\"method\":\"get_token\"}','2014-12-29 04:38:03'),(200,'{\"imsi\":\"00000000\",\"version\":\"1.0.0\",\"sim\":\"10000000000\",\"channel\":\"1001\",\"ipAddr\":\"0.0.0.0\",\"imei\":\"826DC252-19FD-466C-8F53-7B388B634C57\",\"service\":\"member\",\"platform\":\"iOS8.1\",\"username\":\"15144777744\",\"macAddr\":\"0:0:0:0\",\"model\":\"iPhoneSimulator\",\"method\":\"check_username\"}','2014-12-29 04:38:29'),(201,'{\"imsi\":\"00000000\",\"version\":\"1.0.0\",\"sim\":\"10000000000\",\"channel\":\"1001\",\"ipAddr\":\"0.0.0.0\",\"imei\":\"826DC252-19FD-466C-8F53-7B388B634C57\",\"service\":\"member\",\"platform\":\"iOS8.1\",\"username\":\"15144777744\",\"macAddr\":\"0:0:0:0\",\"password\":\"111111\",\"model\":\"iPhoneSimulator\",\"method\":\"signup\"}','2014-12-29 04:38:35'),(202,'{\"imsi\":\"00000000\",\"version\":\"1.0.0\",\"sim\":\"10000000000\",\"channel\":\"1001\",\"avatar\":\"http:\\/\\/onemin.qiniudn.com\\/img\\/avatar\\/20141229\\/48897072C2BE46EB98587643F61B3A4E.jpg\",\"ipAddr\":\"0.0.0.0\",\"imei\":\"826DC252-19FD-466C-8F53-7B388B634C57\",\"service\":\"member\",\"platform\":\"iOS8.1\",\"token\":\"5CC685F9CFD21CDD9F17B84F487FAD0801E7506E\",\"macAddr\":\"0:0:0:0\",\"birthday\":\"1419827942\",\"model\":\"iPhoneSimulator\",\"nickname\":\"Xz','2014-12-29 04:39:06'),(203,'{\"method\":\"get_token\",\"ipAddr\":\"0.0.0.0\",\"sim\":\"10000000000\",\"platform\":\"iOS8.1.2\",\"imei\":\"AF62DF46-6F78-4C31-A0D3-F94108507268\",\"version\":\"1.0.0\",\"service\":\"qiniu\",\"macAddr\":\"0:0:0:0\",\"model\":\"iPhone\",\"qiniu_bucket\":\"onemin\",\"imsi\":\"00000000\",\"channel\":\"1001\"}','2014-12-29 05:09:34'),(204,'{\"method\":\"check_username\",\"ipAddr\":\"0.0.0.0\",\"username\":\"15233664455\",\"sim\":\"10000000000\",\"platform\":\"iOS8.1.2\",\"imei\":\"AF62DF46-6F78-4C31-A0D3-F94108507268\",\"version\":\"1.0.0\",\"service\":\"member\",\"macAddr\":\"0:0:0:0\",\"model\":\"iPhone\",\"imsi\":\"00000000\",\"channel\":\"1001\"}','2014-12-29 05:09:48'),(205,'{\"method\":\"signup\",\"ipAddr\":\"0.0.0.0\",\"username\":\"15233664455\",\"sim\":\"10000000000\",\"password\":\"111111\",\"platform\":\"iOS8.1.2\",\"imei\":\"AF62DF46-6F78-4C31-A0D3-F94108507268\",\"version\":\"1.0.0\",\"service\":\"member\",\"macAddr\":\"0:0:0:0\",\"model\":\"iPhone\",\"imsi\":\"00000000\",\"channel\":\"1001\"}','2014-12-29 05:09:53'),(206,'{\"method\":\"update\",\"ipAddr\":\"0.0.0.0\",\"sim\":\"10000000000\",\"avatar\":\"http:\\/\\/onemin.qiniudn.com\\/img\\/avatar\\/20141229\\/206C403D7D674D7393E1B5EA949645AB.jpg\",\"platform\":\"iOS8.1.2\",\"imei\":\"AF62DF46-6F78-4C31-A0D3-F94108507268\",\"version\":\"1.0.0\",\"service\":\"member\",\"macAddr\":\"0:0:0:0\",\"birthday\":\"1325135428\",\"model\":\"iPhone\",\"token\":\"E9BA872B6DB2A76DBE89FE94457FF3F93E13FBF2\",\"nickname\":\"jxnnx','2014-12-29 05:10:31'),(207,'{\"service\":\"member\",\"method\":\"update\",\"token\":\"5CC685F9CFD21CDD9F17B84F487FAD0801E7506E\",\"channel\":\"1001\",\"deviceId\":\"DE2A634F-30EA-4287-BF4F-B546901CA2A5\",\"imsi\":\"00000000\",\"ipAddr\":\"0.0.0.0\",\"addtionalDeviceId\":\"3DA0B892E00D4EF89CDA112658532BB7DE2A634F\",\"macAddr\":\"0:0:0:0\",\"model\":\"iPhone5\",\"platform\":\"iOS\",\"platformVersion\":\"8.1\",\"sim\":\"00000000000\",\"version\":\"1.6.0\",\"username\":\"15144777744\",}','2014-12-29 07:04:16'),(208,'{\"service\":\"member\",\"method\":\"update\",\"token\":\"5CC685F9CFD21CDD9F17B84F487FAD0801E7506E\",\"channel\":\"1001\",\"deviceId\":\"DE2A634F-30EA-4287-BF4F-B546901CA2A5\",\"imsi\":\"00000000\",\"ipAddr\":\"0.0.0.0\",\"addtionalDeviceId\":\"3DA0B892E00D4EF89CDA112658532BB7DE2A634F\",\"macAddr\":\"0:0:0:0\",\"model\":\"iPhone5\",\"platform\":\"iOS\",\"platformVersion\":\"8.1\",\"sim\":\"00000000000\",\"version\":\"1.6.0\",\"username\":\"15144777744\"}','2014-12-29 07:06:46'),(209,'{\"method\":\"get_token\",\"ipAddr\":\"0.0.0.0\",\"sim\":\"10000000000\",\"platform\":\"iOS8.1.2\",\"imei\":\"AF62DF46-6F78-4C31-A0D3-F94108507268\",\"version\":\"1.0.0\",\"service\":\"qiniu\",\"macAddr\":\"0:0:0:0\",\"model\":\"iPhone\",\"qiniu_bucket\":\"onemin\",\"imsi\":\"00000000\",\"channel\":\"1001\"}','2014-12-29 07:09:22'),(210,'{\"method\":\"check_username\",\"ipAddr\":\"0.0.0.0\",\"username\":\"15366554488\",\"sim\":\"10000000000\",\"platform\":\"iOS8.1.2\",\"imei\":\"AF62DF46-6F78-4C31-A0D3-F94108507268\",\"version\":\"1.0.0\",\"service\":\"member\",\"macAddr\":\"0:0:0:0\",\"model\":\"iPhone\",\"imsi\":\"00000000\",\"channel\":\"1001\"}','2014-12-29 07:09:34'),(211,'{\"method\":\"signup\",\"ipAddr\":\"0.0.0.0\",\"username\":\"15366554488\",\"sim\":\"10000000000\",\"password\":\"111111\",\"platform\":\"iOS8.1.2\",\"imei\":\"AF62DF46-6F78-4C31-A0D3-F94108507268\",\"version\":\"1.0.0\",\"service\":\"member\",\"macAddr\":\"0:0:0:0\",\"model\":\"iPhone\",\"imsi\":\"00000000\",\"channel\":\"1001\"}','2014-12-29 07:09:44'),(212,'{\"method\":\"update\",\"ipAddr\":\"0.0.0.0\",\"sim\":\"10000000000\",\"avatar\":\"\",\"platform\":\"iOS8.1.2\",\"imei\":\"AF62DF46-6F78-4C31-A0D3-F94108507268\",\"version\":\"1.0.0\",\"service\":\"member\",\"macAddr\":\"0:0:0:0\",\"birthday\":\"1072681802\",\"model\":\"iPhone\",\"token\":\"868F849B0AC795C3CF65E7221EF1FB812D4EB7C8\",\"nickname\":\"gg','2014-12-29 07:10:08'),(213,'{\"service\":\"member\",\"method\":\"update\",\"token\":\"5CC685F9CFD21CDD9F17B84F487FAD0801E7506E\",\"channel\":\"1001\",\"deviceId\":\"DE2A634F-30EA-4287-BF4F-B546901CA2A5\",\"imsi\":\"00000000\",\"ipAddr\":\"0.0.0.0\",\"addtionalDeviceId\":\"3DA0B892E00D4EF89CDA112658532BB7DE2A634F\",\"macAddr\":\"0:0:0:0\",\"model\":\"iPhone5\",\"platform\":\"iOS\",\"platformVersion\":\"8.1\",\"sim\":\"00000000000\",\"version\":\"1.6.0\",\"username\":\"15144777744\",\"description\":\"','2014-12-29 07:31:20'),(214,'{\"service\":\"member\",\"method\":\"update\",\"token\":\"5CC685F9CFD21CDD9F17B84F487FAD0801E7506E\",\"channel\":\"1001\",\"deviceId\":\"DE2A634F-30EA-4287-BF4F-B546901CA2A5\",\"imsi\":\"00000000\",\"ipAddr\":\"0.0.0.0\",\"addtionalDeviceId\":\"3DA0B892E00D4EF89CDA112658532BB7DE2A634F\",\"macAddr\":\"0:0:0:0\",\"model\":\"iPhone5\",\"platform\":\"iOS\",\"platformVersion\":\"8.1\",\"sim\":\"00000000000\",\"version\":\"1.6.0\",\"username\":\"15144777744\",\"description\":\"','2014-12-29 07:54:53'),(215,'{\"service\":\"member\",\"method\":\"update\",\"token\":\"5CC685F9CFD21CDD9F17B84F487FAD0801E7506E\",\"channel\":\"1001\",\"deviceId\":\"DE2A634F-30EA-4287-BF4F-B546901CA2A5\",\"imsi\":\"00000000\",\"ipAddr\":\"0.0.0.0\",\"addtionalDeviceId\":\"3DA0B892E00D4EF89CDA112658532BB7DE2A634F\",\"macAddr\":\"0:0:0:0\",\"model\":\"iPhone5\",\"platform\":\"iOS\",\"platformVersion\":\"8.1\",\"sim\":\"00000000000\",\"version\":\"1.6.0\",\"username\":\"15144777744\",\"description\":\"','2014-12-29 07:56:10'),(216,'{\"service\":\"member\",\"method\":\"update\",\"token\":\"5CC685F9CFD21CDD9F17B84F487FAD0801E7506E\",\"channel\":\"1001\",\"deviceId\":\"DE2A634F-30EA-4287-BF4F-B546901CA2A5\",\"imsi\":\"00000000\",\"ipAddr\":\"0.0.0.0\",\"addtionalDeviceId\":\"3DA0B892E00D4EF89CDA112658532BB7DE2A634F\",\"macAddr\":\"0:0:0:0\",\"model\":\"iPhone5\",\"platform\":\"iOS\",\"platformVersion\":\"8.1\",\"sim\":\"00000000000\",\"version\":\"1.6.0\",\"username\":\"15144777744\",\"description\":\"','2014-12-29 08:05:32'),(217,'{\"service\":\"member\",\"method\":\"update\",\"token\":\"5CC685F9CFD21CDD9F17B84F487FAD0801E7506E\",\"channel\":\"1001\",\"deviceId\":\"DE2A634F-30EA-4287-BF4F-B546901CA2A5\",\"imsi\":\"00000000\",\"ipAddr\":\"0.0.0.0\",\"addtionalDeviceId\":\"3DA0B892E00D4EF89CDA112658532BB7DE2A634F\",\"macAddr\":\"0:0:0:0\",\"model\":\"iPhone5\",\"platform\":\"iOS\",\"platformVersion\":\"8.1\",\"sim\":\"00000000000\",\"version\":\"1.6.0\",\"username\":\"15144777744\",\"description\":\"','2014-12-29 08:22:14'),(218,'{\"service\":\"member\",\"method\":\"update\",\"token\":\"5CC685F9CFD21CDD9F17B84F487FAD0801E7506E\",\"channel\":\"1001\",\"deviceId\":\"DE2A634F-30EA-4287-BF4F-B546901CA2A5\",\"imsi\":\"00000000\",\"ipAddr\":\"0.0.0.0\",\"addtionalDeviceId\":\"3DA0B892E00D4EF89CDA112658532BB7DE2A634F\",\"macAddr\":\"0:0:0:0\",\"model\":\"iPhone5\",\"platform\":\"iOS\",\"platformVersion\":\"8.1\",\"sim\":\"00000000000\",\"version\":\"1.6.0\",\"username\":\"15144777744\",\"description\":\"','2014-12-29 08:24:14'),(219,'{\"service\":\"member\",\"method\":\"update\",\"token\":\"5CC685F9CFD21CDD9F17B84F487FAD0801E7506E\",\"channel\":\"1001\",\"deviceId\":\"DE2A634F-30EA-4287-BF4F-B546901CA2A5\",\"imsi\":\"00000000\",\"ipAddr\":\"0.0.0.0\",\"addtionalDeviceId\":\"3DA0B892E00D4EF89CDA112658532BB7DE2A634F\",\"macAddr\":\"0:0:0:0\",\"model\":\"iPhone5\",\"platform\":\"iOS\",\"platformVersion\":\"8.1\",\"sim\":\"00000000000\",\"version\":\"1.6.0\",\"username\":\"15144777744\",\"description\":\"??\",\"nickname\":\"阿明\"}','2014-12-29 08:28:46'),(220,'{\"service\":\"member\",\"method\":\"update\",\"token\":\"5CC685F9CFD21CDD9F17B84F487FAD0801E7506E\",\"channel\":\"1001\",\"deviceId\":\"DE2A634F-30EA-4287-BF4F-B546901CA2A5\",\"imsi\":\"00000000\",\"ipAddr\":\"0.0.0.0\",\"addtionalDeviceId\":\"3DA0B892E00D4EF89CDA112658532BB7DE2A634F\",\"macAddr\":\"0:0:0:0\",\"model\":\"iPhone5\",\"platform\":\"iOS\",\"platformVersion\":\"8.1\",\"sim\":\"00000000000\",\"version\":\"1.6.0\",\"username\":\"15144777744\",\"description\":\"??\",\"nickname\":\"阿明\"}','2014-12-29 08:31:25'),(221,'{\"service\":\"member\",\"method\":\"update\",\"token\":\"5CC685F9CFD21CDD9F17B84F487FAD0801E7506E\",\"channel\":\"1001\",\"deviceId\":\"DE2A634F-30EA-4287-BF4F-B546901CA2A5\",\"imsi\":\"00000000\",\"ipAddr\":\"0.0.0.0\",\"addtionalDeviceId\":\"3DA0B892E00D4EF89CDA112658532BB7DE2A634F\",\"macAddr\":\"0:0:0:0\",\"model\":\"iPhone5\",\"platform\":\"iOS\",\"platformVersion\":\"8.1\",\"sim\":\"00000000000\",\"version\":\"1.6.0\",\"username\":\"15144777744\",\"description\":\"?\",\"nickname\":\"阿明?\"}','2014-12-29 08:32:48'),(222,'{\"method\":\"get_token\",\"ipAddr\":\"0.0.0.0\",\"sim\":\"10000000000\",\"platform\":\"iOS8.1.2\",\"imei\":\"AF62DF46-6F78-4C31-A0D3-F94108507268\",\"version\":\"1.0.0\",\"service\":\"qiniu\",\"macAddr\":\"0:0:0:0\",\"model\":\"iPhone\",\"qiniu_bucket\":\"onemin\",\"imsi\":\"00000000\",\"channel\":\"1001\"}','2014-12-29 08:34:15'),(223,'{\"method\":\"check_username\",\"ipAddr\":\"0.0.0.0\",\"username\":\"15122339900\",\"sim\":\"10000000000\",\"platform\":\"iOS8.1.2\",\"imei\":\"AF62DF46-6F78-4C31-A0D3-F94108507268\",\"version\":\"1.0.0\",\"service\":\"member\",\"macAddr\":\"0:0:0:0\",\"model\":\"iPhone\",\"imsi\":\"00000000\",\"channel\":\"1001\"}','2014-12-29 08:34:28'),(224,'{\"method\":\"signup\",\"ipAddr\":\"0.0.0.0\",\"username\":\"15122339900\",\"sim\":\"10000000000\",\"password\":\"111111\",\"platform\":\"iOS8.1.2\",\"imei\":\"AF62DF46-6F78-4C31-A0D3-F94108507268\",\"version\":\"1.0.0\",\"service\":\"member\",\"macAddr\":\"0:0:0:0\",\"model\":\"iPhone\",\"imsi\":\"00000000\",\"channel\":\"1001\"}','2014-12-29 08:34:32'),(225,'{\"method\":\"update\",\"ipAddr\":\"0.0.0.0\",\"sim\":\"10000000000\",\"avatar\":\"\",\"platform\":\"iOS8.1.2\",\"imei\":\"AF62DF46-6F78-4C31-A0D3-F94108507268\",\"version\":\"1.0.0\",\"service\":\"member\",\"macAddr\":\"0:0:0:0\",\"birthday\":\"1293611684\",\"model\":\"iPhone\",\"token\":\"EF494CAD5DE619FA6E917E6BF5F71A227EED9330\",\"nickname\":\"hh??vsb\",\"imsi\":\"00000000\",\"channel\":\"1001\"}','2014-12-29 08:34:47'),(226,'{\"method\":\"get_token\",\"ipAddr\":\"0.0.0.0\",\"sim\":\"10000000000\",\"platform\":\"iOS8.1.2\",\"imei\":\"AF62DF46-6F78-4C31-A0D3-F94108507268\",\"version\":\"1.0.0\",\"service\":\"qiniu\",\"macAddr\":\"0:0:0:0\",\"model\":\"iPhone\",\"qiniu_bucket\":\"onemin\",\"imsi\":\"00000000\",\"channel\":\"1001\"}','2014-12-29 08:36:31'),(227,'{\"method\":\"check_username\",\"ipAddr\":\"0.0.0.0\",\"username\":\"15166778800\",\"sim\":\"10000000000\",\"platform\":\"iOS8.1.2\",\"imei\":\"AF62DF46-6F78-4C31-A0D3-F94108507268\",\"version\":\"1.0.0\",\"service\":\"member\",\"macAddr\":\"0:0:0:0\",\"model\":\"iPhone\",\"imsi\":\"00000000\",\"channel\":\"1001\"}','2014-12-29 08:36:49'),(228,'{\"method\":\"signup\",\"ipAddr\":\"0.0.0.0\",\"username\":\"15166778800\",\"sim\":\"10000000000\",\"password\":\"111111\",\"platform\":\"iOS8.1.2\",\"imei\":\"AF62DF46-6F78-4C31-A0D3-F94108507268\",\"version\":\"1.0.0\",\"service\":\"member\",\"macAddr\":\"0:0:0:0\",\"model\":\"iPhone\",\"imsi\":\"00000000\",\"channel\":\"1001\"}','2014-12-29 08:36:54'),(229,'{\"method\":\"update\",\"ipAddr\":\"0.0.0.0\",\"sim\":\"10000000000\",\"avatar\":\"\",\"platform\":\"iOS8.1.2\",\"imei\":\"AF62DF46-6F78-4C31-A0D3-F94108507268\",\"version\":\"1.0.0\",\"service\":\"member\",\"macAddr\":\"0:0:0:0\",\"birthday\":\"1419842221\",\"model\":\"iPhone\",\"token\":\"87F6B13FBA87C4B09D7BB92131F17E7236611A06\",\"nickname\":\"bbx?gh\",\"imsi\":\"00000000\",\"channel\":\"1001\"}','2014-12-29 08:37:05'),(230,'{\"method\":\"get_token\",\"ipAddr\":\"0.0.0.0\",\"sim\":\"10000000000\",\"platform\":\"iOS8.1.2\",\"imei\":\"AF62DF46-6F78-4C31-A0D3-F94108507268\",\"version\":\"1.0.0\",\"service\":\"qiniu\",\"macAddr\":\"0:0:0:0\",\"model\":\"iPhone\",\"qiniu_bucket\":\"onemin\",\"imsi\":\"00000000\",\"channel\":\"1001\"}','2014-12-29 08:38:01'),(231,'{\"method\":\"check_username\",\"ipAddr\":\"0.0.0.0\",\"username\":\"15366998844\",\"sim\":\"10000000000\",\"platform\":\"iOS8.1.2\",\"imei\":\"AF62DF46-6F78-4C31-A0D3-F94108507268\",\"version\":\"1.0.0\",\"service\":\"member\",\"macAddr\":\"0:0:0:0\",\"model\":\"iPhone\",\"imsi\":\"00000000\",\"channel\":\"1001\"}','2014-12-29 08:38:10'),(232,'{\"method\":\"signup\",\"ipAddr\":\"0.0.0.0\",\"username\":\"15366998844\",\"sim\":\"10000000000\",\"password\":\"111111\",\"platform\":\"iOS8.1.2\",\"imei\":\"AF62DF46-6F78-4C31-A0D3-F94108507268\",\"version\":\"1.0.0\",\"service\":\"member\",\"macAddr\":\"0:0:0:0\",\"model\":\"iPhone\",\"imsi\":\"00000000\",\"channel\":\"1001\"}','2014-12-29 08:38:15'),(233,'{\"method\":\"update\",\"ipAddr\":\"0.0.0.0\",\"sim\":\"10000000000\",\"avatar\":\"\",\"platform\":\"iOS8.1.2\",\"imei\":\"AF62DF46-6F78-4C31-A0D3-F94108507268\",\"version\":\"1.0.0\",\"service\":\"member\",\"macAddr\":\"0:0:0:0\",\"birthday\":\"1325147907\",\"model\":\"iPhone\",\"token\":\"3DE1C40502C51A99F2647AD0D0863CB9212C3384\",\"nickname\":\"hsh??今年\",\"imsi\":\"00000000\",\"channel\":\"1001\"}','2014-12-29 08:38:29'),(234,'{\"method\":\"get_token\",\"ipAddr\":\"0.0.0.0\",\"sim\":\"10000000000\",\"platform\":\"iOS8.1.2\",\"imei\":\"AF62DF46-6F78-4C31-A0D3-F94108507268\",\"version\":\"1.0.0\",\"service\":\"qiniu\",\"macAddr\":\"0:0:0:0\",\"model\":\"iPhone\",\"qiniu_bucket\":\"onemin\",\"imsi\":\"00000000\",\"channel\":\"1001\"}','2014-12-30 06:56:13'),(235,'{\"method\":\"get_token\",\"ipAddr\":\"0.0.0.0\",\"sim\":\"10000000000\",\"platform\":\"iOS8.1.2\",\"imei\":\"AF62DF46-6F78-4C31-A0D3-F94108507268\",\"version\":\"1.0.0\",\"service\":\"qiniu\",\"macAddr\":\"0:0:0:0\",\"model\":\"iPhone\",\"qiniu_bucket\":\"onemin\",\"imsi\":\"00000000\",\"channel\":\"1001\"}','2014-12-31 06:14:11'),(236,'','2014-12-31 09:49:34'),(237,'','2014-12-31 09:53:57'),(238,'{\"method\":\"get_token\",\"ipAddr\":\"0.0.0.0\",\"sim\":\"10000000000\",\"platform\":\"iOS8.1.2\",\"imei\":\"AF62DF46-6F78-4C31-A0D3-F94108507268\",\"version\":\"1.0.0\",\"service\":\"qiniu\",\"macAddr\":\"0:0:0:0\",\"model\":\"iPhone\",\"qiniu_bucket\":\"onemin\",\"imsi\":\"00000000\",\"channel\":\"1001\"}','2015-01-02 10:31:34'),(239,'{\"method\":\"get_token\",\"ipAddr\":\"0.0.0.0\",\"sim\":\"10000000000\",\"platform\":\"iOS8.1.2\",\"imei\":\"AF62DF46-6F78-4C31-A0D3-F94108507268\",\"version\":\"1.0.0\",\"service\":\"qiniu\",\"macAddr\":\"0:0:0:0\",\"model\":\"iPhone\",\"qiniu_bucket\":\"onemin\",\"imsi\":\"00000000\",\"channel\":\"1001\"}','2015-01-02 23:58:55'),(240,'{\"method\":\"get_token\",\"ipAddr\":\"0.0.0.0\",\"sim\":\"10000000000\",\"platform\":\"iOS8.1.2\",\"imei\":\"AF62DF46-6F78-4C31-A0D3-F94108507268\",\"version\":\"1.0.0\",\"service\":\"qiniu\",\"macAddr\":\"0:0:0:0\",\"model\":\"iPhone\",\"qiniu_bucket\":\"onemin\",\"imsi\":\"00000000\",\"channel\":\"1001\"}','2015-01-03 11:09:23'),(241,'{\"method\":\"get_token\",\"ipAddr\":\"0.0.0.0\",\"sim\":\"10000000000\",\"platform\":\"iOS8.1.2\",\"imei\":\"AF62DF46-6F78-4C31-A0D3-F94108507268\",\"version\":\"1.0.0\",\"service\":\"qiniu\",\"macAddr\":\"0:0:0:0\",\"model\":\"iPhone\",\"qiniu_bucket\":\"onemin\",\"imsi\":\"00000000\",\"channel\":\"1001\"}','2015-01-04 02:04:23'),(242,'{\"method\":\"get_token\",\"ipAddr\":\"0.0.0.0\",\"sim\":\"10000000000\",\"platform\":\"iOS8.1.2\",\"imei\":\"AF62DF46-6F78-4C31-A0D3-F94108507268\",\"version\":\"1.0.0\",\"service\":\"qiniu\",\"macAddr\":\"0:0:0:0\",\"model\":\"iPhone\",\"qiniu_bucket\":\"onemin\",\"imsi\":\"00000000\",\"channel\":\"1001\"}','2015-01-05 09:30:59'),(243,'{\"method\":\"check_username\",\"ipAddr\":\"0.0.0.0\",\"username\":\"15652291050\",\"sim\":\"10000000000\",\"platform\":\"iOS8.1.2\",\"imei\":\"AF62DF46-6F78-4C31-A0D3-F94108507268\",\"version\":\"1.0.0\",\"service\":\"member\",\"macAddr\":\"0:0:0:0\",\"model\":\"iPhone\",\"imsi\":\"00000000\",\"channel\":\"1001\"}','2015-01-05 09:54:02'),(244,'{\"method\":\"check_username\",\"ipAddr\":\"0.0.0.0\",\"username\":\"15652291446\",\"sim\":\"10000000000\",\"platform\":\"iOS8.1.2\",\"imei\":\"AF62DF46-6F78-4C31-A0D3-F94108507268\",\"version\":\"1.0.0\",\"service\":\"member\",\"macAddr\":\"0:0:0:0\",\"model\":\"iPhone\",\"imsi\":\"00000000\",\"channel\":\"1001\"}','2015-01-05 09:54:09'),(245,'{\"method\":\"signup\",\"ipAddr\":\"0.0.0.0\",\"username\":\"15652291446\",\"sim\":\"10000000000\",\"password\":\"111111\",\"platform\":\"iOS8.1.2\",\"imei\":\"AF62DF46-6F78-4C31-A0D3-F94108507268\",\"version\":\"1.0.0\",\"service\":\"member\",\"macAddr\":\"0:0:0:0\",\"model\":\"iPhone\",\"imsi\":\"00000000\",\"channel\":\"1001\"}','2015-01-05 09:54:14'),(246,'{\"method\":\"update\",\"ipAddr\":\"0.0.0.0\",\"sim\":\"10000000000\",\"avatar\":\"http:\\/\\/onemin.qiniudn.com\\/img\\/avatar\\/20150105\\/35D695825C3E4080A6407A2A7734A13C.jpg\",\"platform\":\"iOS8.1.2\",\"imei\":\"AF62DF46-6F78-4C31-A0D3-F94108507268\",\"version\":\"1.0.0\",\"service\":\"member\",\"macAddr\":\"0:0:0:0\",\"birthday\":\"1325757265\",\"model\":\"iPhone\",\"token\":\"45881AE9481A245D8CABB219209C475120950DF7\",\"nickname\":\"jdjddf\",\"imsi\":\"00000000\",\"channel\":\"1001\"}','2015-01-05 09:54:29'),(247,'{\"method\":\"update\",\"ipAddr\":\"0.0.0.0\",\"sim\":\"10000000000\",\"avatar\":\"http:\\/\\/onemin.qiniudn.com\\/img\\/avatar\\/20150105\\/3EB1D722D51E4654AAA5ACF89EAFA356.jpg\",\"platform\":\"iOS8.1.2\",\"imei\":\"AF62DF46-6F78-4C31-A0D3-F94108507268\",\"version\":\"1.0.0\",\"service\":\"member\",\"macAddr\":\"0:0:0:0\",\"birthday\":\"1325757265\",\"model\":\"iPhone\",\"token\":\"45881AE9481A245D8CABB219209C475120950DF7\",\"nickname\":\"jdjddf\",\"imsi\":\"00000000\",\"channel\":\"1001\"}','2015-01-05 09:54:35'),(248,'{\"method\":\"get_token\",\"ipAddr\":\"0.0.0.0\",\"sim\":\"10000000000\",\"platform\":\"iOS8.1.2\",\"imei\":\"AF62DF46-6F78-4C31-A0D3-F94108507268\",\"version\":\"1.0.0\",\"service\":\"qiniu\",\"macAddr\":\"0:0:0:0\",\"model\":\"iPhone\",\"qiniu_bucket\":\"onemin\",\"imsi\":\"00000000\",\"channel\":\"1001\"}','2015-01-06 01:31:41'),(249,'{\"method\":\"get_token\",\"ipAddr\":\"0.0.0.0\",\"sim\":\"10000000000\",\"platform\":\"iOS8.1.2\",\"imei\":\"AF62DF46-6F78-4C31-A0D3-F94108507268\",\"version\":\"1.0.0\",\"service\":\"qiniu\",\"macAddr\":\"0:0:0:0\",\"model\":\"iPhone\",\"qiniu_bucket\":\"onemin\",\"imsi\":\"00000000\",\"channel\":\"1001\"}','2015-01-12 03:00:27'),(250,'{\"imsi\":\"00000000\",\"version\":\"1.0.0\",\"sim\":\"10000000000\",\"channel\":\"1001\",\"ipAddr\":\"0.0.0.0\",\"imei\":\"41879E4E-A881-4849-9828-379765FD2F9F\",\"service\":\"qiniu\",\"platform\":\"iOS8.1\",\"qiniu_bucket\":\"onemin\",\"macAddr\":\"0:0:0:0\",\"model\":\"iPhoneSimulator\",\"method\":\"get_token\"}','2015-01-12 03:07:08'),(251,'{\"method\":\"get_token\",\"ipAddr\":\"0.0.0.0\",\"sim\":\"10000000000\",\"platform\":\"iOS8.1.2\",\"imei\":\"AF62DF46-6F78-4C31-A0D3-F94108507268\",\"version\":\"1.0.0\",\"service\":\"qiniu\",\"macAddr\":\"0:0:0:0\",\"model\":\"iPhone\",\"qiniu_bucket\":\"onemin\",\"imsi\":\"00000000\",\"channel\":\"1001\"}','2015-01-15 12:38:57'),(252,'{\"imsi\":\"00000000\",\"version\":\"1.0.0\",\"sim\":\"10000000000\",\"channel\":\"1001\",\"ipAddr\":\"0.0.0.0\",\"imei\":\"D4234FF4-E8BF-40C7-B4C0-60958242B1E6\",\"service\":\"qiniu\",\"platform\":\"iOS8.1.1\",\"qiniu_bucket\":\"onemin\",\"macAddr\":\"0:0:0:0\",\"model\":\"iPad\",\"method\":\"get_token\"}','2015-01-16 13:59:39'),(253,'{\"imsi\":\"00000000\",\"version\":\"1.0.0\",\"sim\":\"10000000000\",\"channel\":\"1001\",\"ipAddr\":\"0.0.0.0\",\"imei\":\"D4234FF4-E8BF-40C7-B4C0-60958242B1E6\",\"service\":\"qiniu\",\"platform\":\"iOS8.1.1\",\"qiniu_bucket\":\"onemin\",\"macAddr\":\"0:0:0:0\",\"model\":\"iPad\",\"method\":\"get_token\"}','2015-01-16 14:01:39'),(254,'{\"imsi\":\"00000000\",\"version\":\"1.0.0\",\"sim\":\"10000000000\",\"channel\":\"1001\",\"ipAddr\":\"0.0.0.0\",\"imei\":\"D4234FF4-E8BF-40C7-B4C0-60958242B1E6\",\"service\":\"qiniu\",\"platform\":\"iOS8.1.1\",\"qiniu_bucket\":\"onemin\",\"macAddr\":\"0:0:0:0\",\"model\":\"iPad\",\"method\":\"get_token\"}','2015-01-16 14:03:02'),(255,'{\"imsi\":\"00000000\",\"version\":\"1.0.0\",\"sim\":\"10000000000\",\"channel\":\"1001\",\"ipAddr\":\"0.0.0.0\",\"imei\":\"D4234FF4-E8BF-40C7-B4C0-60958242B1E6\",\"service\":\"qiniu\",\"platform\":\"iOS8.1.1\",\"qiniu_bucket\":\"onemin\",\"macAddr\":\"0:0:0:0\",\"model\":\"iPad\",\"method\":\"get_token\"}','2015-01-16 14:27:35'),(256,'','2015-01-18 02:14:13'),(257,'','2015-01-18 02:14:20'),(258,'','2015-01-18 02:14:30'),(259,'{\"method\":\"get_token\",\"ipAddr\":\"0.0.0.0\",\"sim\":\"10000000000\",\"platform\":\"iOS8.1.2\",\"imei\":\"AF62DF46-6F78-4C31-A0D3-F94108507268\",\"version\":\"1.0.0\",\"service\":\"qiniu\",\"macAddr\":\"0:0:0:0\",\"model\":\"iPhone\",\"qiniu_bucket\":\"onemin\",\"imsi\":\"00000000\",\"channel\":\"1001\"}','2015-01-18 05:34:17'),(260,'{\"service\":\"member\",\"method\":\"update\",\"token\":\"5CC685F9CFD21CDD9F17B84F487FAD0801E7506E\",\"channel\":\"1001\",\"deviceId\":\"DE2A634F-30EA-4287-BF4F-B546901CA2A5\",\"imsi\":\"00000000\",\"ipAddr\":\"0.0.0.0\",\"addtionalDeviceId\":\"3DA0B892E00D4EF89CDA112658532BB7DE2A634F\",\"macAddr\":\"0:0:0:0\",\"model\":\"iPhone5\",\"platform\":\"iOS\",\"platformVersion\":\"8.1\",\"sim\":\"00000000000\",\"version\":\"1.6.0\",\"username\":\"15144777744\",\"description\":\"?\",\"nickname\":\"阿明?\"}','2015-01-18 08:55:28'),(261,'{\"service\":\"member\",\"method\":\"update\",\"token\":\"5CC685F9CFD21CDD9F17B84F487FAD0801E7506E\",\"channel\":\"1001\",\"deviceId\":\"DE2A634F-30EA-4287-BF4F-B546901CA2A5\",\"imsi\":\"00000000\",\"ipAddr\":\"0.0.0.0\",\"addtionalDeviceId\":\"3DA0B892E00D4EF89CDA112658532BB7DE2A634F\",\"macAddr\":\"0:0:0:0\",\"model\":\"iPhone5\",\"platform\":\"iOS\",\"platformVersion\":\"8.1\",\"sim\":\"00000000000\",\"version\":\"1.6.0\",\"username\":\"15144777744\",\"description\":\"?\",\"nickname\":\"阿明?\"}','2015-01-18 08:55:50'),(262,'{\"service\":\"qiniu\",\"method\":\"get_token\",\"qiniu_bucket\":\"onemin\"}','2015-01-18 09:18:49'),(263,'{\"method\":\"get_token\",\"ipAddr\":\"0.0.0.0\",\"sim\":\"10000000000\",\"platform\":\"iOS8.1.2\",\"imei\":\"AF62DF46-6F78-4C31-A0D3-F94108507268\",\"version\":\"1.0.0\",\"service\":\"qiniu\",\"macAddr\":\"0:0:0:0\",\"model\":\"iPhone\",\"qiniu_bucket\":\"onemin\",\"imsi\":\"00000000\",\"channel\":\"1001\"}','2015-01-20 11:24:06'),(264,'{\"imsi\":\"00000000\",\"version\":\"1.0.0\",\"sim\":\"10000000000\",\"channel\":\"1001\",\"ipAddr\":\"0.0.0.0\",\"imei\":\"339FA9A4-610A-4B77-BFAF-FA080BCC6AEA\",\"service\":\"qiniu\",\"platform\":\"iOS8.1\",\"qiniu_bucket\":\"onemin\",\"macAddr\":\"0:0:0:0\",\"model\":\"iPhoneSimulator\",\"method\":\"get_token\"}','2015-01-21 02:22:31'),(265,'{\"method\":\"get_token\",\"ipAddr\":\"0.0.0.0\",\"sim\":\"10000000000\",\"platform\":\"iOS8.1.2\",\"imei\":\"AF62DF46-6F78-4C31-A0D3-F94108507268\",\"version\":\"1.0.0\",\"service\":\"qiniu\",\"macAddr\":\"0:0:0:0\",\"model\":\"iPhone\",\"qiniu_bucket\":\"onemin\",\"imsi\":\"00000000\",\"channel\":\"1001\"}','2015-01-21 02:40:34'),(266,'{\"method\":\"get_token\",\"ipAddr\":\"0.0.0.0\",\"sim\":\"10000000000\",\"platform\":\"iOS8.1.2\",\"imei\":\"AF62DF46-6F78-4C31-A0D3-F94108507268\",\"version\":\"1.0.0\",\"service\":\"qiniu\",\"macAddr\":\"0:0:0:0\",\"model\":\"iPhone\",\"qiniu_bucket\":\"onemin\",\"imsi\":\"00000000\",\"channel\":\"1001\"}','2015-01-22 06:22:30'),(267,'{\"imsi\":\"00000000\",\"version\":\"1.0.0\",\"sim\":\"10000000000\",\"channel\":\"1001\",\"ipAddr\":\"0.0.0.0\",\"imei\":\"D4234FF4-E8BF-40C7-B4C0-60958242B1E6\",\"service\":\"qiniu\",\"platform\":\"iOS8.1.1\",\"qiniu_bucket\":\"onemin\",\"macAddr\":\"0:0:0:0\",\"model\":\"iPad\",\"method\":\"get_token\"}','2015-01-24 03:20:35'),(268,'{\"method\":\"get_token\",\"ipAddr\":\"0.0.0.0\",\"sim\":\"10000000000\",\"platform\":\"iOS8.1.2\",\"imei\":\"AF62DF46-6F78-4C31-A0D3-F94108507268\",\"version\":\"1.0.0\",\"service\":\"qiniu\",\"macAddr\":\"0:0:0:0\",\"model\":\"iPhone\",\"qiniu_bucket\":\"onemin\",\"imsi\":\"00000000\",\"channel\":\"1001\"}','2015-01-25 01:32:15'),(269,'{\"method\":\"get_token\",\"ipAddr\":\"0.0.0.0\",\"sim\":\"10000000000\",\"platform\":\"iOS8.1.2\",\"imei\":\"AF62DF46-6F78-4C31-A0D3-F94108507268\",\"version\":\"1.0.0\",\"service\":\"qiniu\",\"macAddr\":\"0:0:0:0\",\"model\":\"iPhone\",\"qiniu_bucket\":\"onemin\",\"imsi\":\"00000000\",\"channel\":\"1001\"}','2015-01-27 13:17:38'),(270,'{\"method\":\"get_token\",\"ipAddr\":\"0.0.0.0\",\"sim\":\"10000000000\",\"platform\":\"iOS8.1.3\",\"imei\":\"AF62DF46-6F78-4C31-A0D3-F94108507268\",\"version\":\"1.0.0\",\"service\":\"qiniu\",\"macAddr\":\"0:0:0:0\",\"model\":\"iPhone\",\"qiniu_bucket\":\"onemin\",\"imsi\":\"00000000\",\"channel\":\"1001\"}','2015-01-29 10:46:08'),(271,'{\"method\":\"get_token\",\"ipAddr\":\"0.0.0.0\",\"sim\":\"10000000000\",\"platform\":\"iOS8.1.3\",\"imei\":\"AF62DF46-6F78-4C31-A0D3-F94108507268\",\"version\":\"1.0.0\",\"service\":\"qiniu\",\"macAddr\":\"0:0:0:0\",\"model\":\"iPhone\",\"qiniu_bucket\":\"onemin\",\"imsi\":\"00000000\",\"channel\":\"1001\"}','2015-01-30 11:00:12'),(272,'{\"imsi\":\"00000000\",\"version\":\"1.0.0\",\"sim\":\"10000000000\",\"channel\":\"1001\",\"ipAddr\":\"0.0.0.0\",\"imei\":\"D4234FF4-E8BF-40C7-B4C0-60958242B1E6\",\"service\":\"qiniu\",\"platform\":\"iOS8.1.1\",\"qiniu_bucket\":\"onemin\",\"macAddr\":\"0:0:0:0\",\"model\":\"iPad\",\"method\":\"get_token\"}','2015-01-31 00:00:08'),(273,'{\"method\":\"get_token\",\"ipAddr\":\"0.0.0.0\",\"sim\":\"10000000000\",\"platform\":\"iOS7.1.2\",\"imei\":\"32CCFC18-D09C-4444-8948-FA4717ABED72\",\"version\":\"1.0.0\",\"service\":\"qiniu\",\"macAddr\":\"0:0:0:0\",\"model\":\"iPhone\",\"qiniu_bucket\":\"onemin\",\"imsi\":\"00000000\",\"channel\":\"1001\"}','2015-02-02 02:45:21'),(274,'{\"method\":\"get_token\",\"ipAddr\":\"0.0.0.0\",\"sim\":\"10000000000\",\"platform\":\"iOS7.1.2\",\"imei\":\"32CCFC18-D09C-4444-8948-FA4717ABED72\",\"version\":\"1.0.0\",\"service\":\"qiniu\",\"macAddr\":\"0:0:0:0\",\"model\":\"iPhone\",\"qiniu_bucket\":\"onemin\",\"imsi\":\"00000000\",\"channel\":\"1001\"}','2015-02-03 01:04:10'),(275,'{\"method\":\"get_token\",\"ipAddr\":\"0.0.0.0\",\"sim\":\"10000000000\",\"platform\":\"iOS7.1.2\",\"imei\":\"32CCFC18-D09C-4444-8948-FA4717ABED72\",\"version\":\"1.0.0\",\"service\":\"qiniu\",\"macAddr\":\"0:0:0:0\",\"model\":\"iPhone\",\"qiniu_bucket\":\"onemin\",\"imsi\":\"00000000\",\"channel\":\"1001\"}','2015-02-03 07:12:24'),(276,'{\"method\":\"signup\",\"ipAddr\":\"0.0.0.0\",\"username\":\"15652291114\",\"sim\":\"10000000000\",\"password\":\"111111\",\"platform\":\"iOS8.1.3\",\"imei\":\"78F9F3D2-7373-4207-891F-502E3190B306\",\"version\":\"1.0.0\",\"service\":\"member\",\"macAddr\":\"0:0:0:0\",\"model\":\"iPhone\",\"imsi\":\"00000000\",\"channel\":\"1001\"}','2015-02-13 12:05:34'),(277,'{\"method\":\"signup\",\"ipAddr\":\"0.0.0.0\",\"username\":\"15652291114\",\"sim\":\"10000000000\",\"password\":\"111111\",\"platform\":\"iOS8.1.3\",\"imei\":\"78F9F3D2-7373-4207-891F-502E3190B306\",\"version\":\"1.0.0\",\"service\":\"member\",\"macAddr\":\"0:0:0:0\",\"model\":\"iPhone\",\"imsi\":\"00000000\",\"channel\":\"1001\"}','2015-02-13 12:05:34'),(278,'{\"method\":\"signup\",\"ipAddr\":\"0.0.0.0\",\"username\":\"15652291114\",\"sim\":\"10000000000\",\"password\":\"111111\",\"platform\":\"iOS8.1.3\",\"imei\":\"78F9F3D2-7373-4207-891F-502E3190B306\",\"version\":\"1.0.0\",\"service\":\"member\",\"macAddr\":\"0:0:0:0\",\"model\":\"iPhone\",\"imsi\":\"00000000\",\"channel\":\"1001\"}','2015-02-13 12:05:34'),(279,'{\"method\":\"get_token\",\"ipAddr\":\"0.0.0.0\",\"sim\":\"10000000000\",\"platform\":\"iOS8.1.3\",\"imei\":\"AF62DF46-6F78-4C31-A0D3-F94108507268\",\"version\":\"1.0.0\",\"service\":\"qiniu\",\"macAddr\":\"0:0:0:0\",\"model\":\"iPhone\",\"qiniu_bucket\":\"onemin\",\"imsi\":\"00000000\",\"channel\":\"1001\"}','2015-02-21 09:50:01'),(280,'','2015-02-22 15:53:32'),(281,'','2015-02-22 15:53:37');
/*!40000 ALTER TABLE `request_log` ENABLE KEYS */;
UNLOCK TABLES;

--
-- Table structure for table `role`
--

DROP TABLE IF EXISTS `role`;
/*!40101 SET @saved_cs_client     = @@character_set_client */;
/*!40101 SET character_set_client = utf8 */;
CREATE TABLE `role` (
  `id` bigint(20) unsigned NOT NULL AUTO_INCREMENT,
  `name` varchar(30) DEFAULT NULL,
  PRIMARY KEY (`id`)
) ENGINE=MyISAM AUTO_INCREMENT=5009 DEFAULT CHARSET=utf8;
/*!40101 SET character_set_client = @saved_cs_client */;

--
-- Dumping data for table `role`
--

LOCK TABLES `role` WRITE;
/*!40000 ALTER TABLE `role` DISABLE KEYS */;
INSERT INTO `role` VALUES (1000,'客户经理'),(2000,'网络管理员'),(5000,'系统管理员'),(5001,'基本'),(5002,'网络运营'),(5003,'活动'),(5004,'数据分析'),(5005,'合同管理员'),(5006,'质量回访员'),(5007,'月嫂资料录入'),(5008,'客户运营');
/*!40000 ALTER TABLE `role` ENABLE KEYS */;
UNLOCK TABLES;

--
-- Table structure for table `role_permission`
--

DROP TABLE IF EXISTS `role_permission`;
/*!40101 SET @saved_cs_client     = @@character_set_client */;
/*!40101 SET character_set_client = utf8 */;
CREATE TABLE `role_permission` (
  `id` bigint(20) unsigned NOT NULL AUTO_INCREMENT,
  `role_id` bigint(20) unsigned DEFAULT NULL,
  `resource_id` bigint(20) unsigned DEFAULT NULL,
  `section_id` bigint(20) unsigned DEFAULT NULL,
  `action_id` bigint(20) unsigned DEFAULT NULL,
  PRIMARY KEY (`id`)
) ENGINE=MyISAM AUTO_INCREMENT=1589 DEFAULT CHARSET=utf8;
/*!40101 SET character_set_client = @saved_cs_client */;

--
-- Dumping data for table `role_permission`
--

LOCK TABLES `role_permission` WRITE;
/*!40000 ALTER TABLE `role_permission` DISABLE KEYS */;
INSERT INTO `role_permission` VALUES (1559,5002,8100,300,20),(1558,5002,8000,300,20),(1557,5002,7000,300,20),(1556,5002,3100,300,20),(1555,5002,3000,300,20),(1536,1000,5000,100,20),(1535,1000,4000,300,20),(1534,1000,3100,100,20),(1533,1000,3000,100,20),(1571,5007,6000,300,20),(1532,1000,2600,100,20),(1527,5005,5000,300,20),(1526,5005,4000,300,20),(1588,2000,111,300,20),(1423,5003,7000,300,20),(1395,5004,9500,300,20),(1394,5004,9400,300,20),(1521,5006,5500,300,20),(1525,5005,3100,300,20),(1554,5002,1200,300,20),(1553,5002,1100,300,20),(1587,2000,2700,300,20),(1393,5004,9300,300,20),(1392,5004,9600,300,20),(1391,5004,9200,300,20),(1390,5004,9100,300,20),(1389,5004,9000,300,20),(1388,5004,100,100,20),(1549,5000,9999,300,20),(1586,2000,2600,300,20),(1585,2000,100,300,20),(1531,1000,400,300,10),(1530,1000,220,300,20),(1529,1000,100,300,20),(1299,5001,100,100,20),(1548,5000,210,300,20),(1547,5000,100,NULL,20),(1552,5002,230,300,20),(1422,5003,100,300,20),(1570,5007,5500,300,10),(1569,5007,5000,200,10),(1520,5006,5000,300,10),(1568,5007,4000,300,20),(1567,5007,3100,200,20),(1566,5007,3000,200,20),(1565,5007,220,300,20),(1564,5007,100,NULL,20),(1524,5005,3000,300,20),(1523,5005,100,300,20),(1522,5006,6000,300,20),(1528,5005,8888,300,20),(1537,1000,8888,300,10),(1551,5002,100,NULL,20),(1550,5000,10000,300,20),(1561,5008,100,NULL,20),(1562,5008,1100,300,20),(1563,5008,1200,300,20),(1572,5007,8888,300,20);
/*!40000 ALTER TABLE `role_permission` ENABLE KEYS */;
UNLOCK TABLES;
/*!40103 SET TIME_ZONE=@OLD_TIME_ZONE */;

/*!40101 SET SQL_MODE=@OLD_SQL_MODE */;
/*!40014 SET FOREIGN_KEY_CHECKS=@OLD_FOREIGN_KEY_CHECKS */;
/*!40014 SET UNIQUE_CHECKS=@OLD_UNIQUE_CHECKS */;
/*!40101 SET CHARACTER_SET_CLIENT=@OLD_CHARACTER_SET_CLIENT */;
/*!40101 SET CHARACTER_SET_RESULTS=@OLD_CHARACTER_SET_RESULTS */;
/*!40101 SET COLLATION_CONNECTION=@OLD_COLLATION_CONNECTION */;
/*!40111 SET SQL_NOTES=@OLD_SQL_NOTES */;

-- Dump completed on 2015-02-24  2:19:08
